Domain,Phylum,Class,Order,Family,Genus,Species,5025,6008,6019,5031,6012,5022,5016,5034,5047,5046,5038,5040,6044,6004,6023,6050,5026,5009,5033,6037,6046,5005,6035,6040,6036,6026,5051,5021,6024,5052,5036,5017,5014,6014,5013,6006,6043,6005,5024,6022,5037,6039,6020,6030,6052,6033,6045,5004,5002,5039,6031,6013,5010,5035,5007,5003,6025,5008,5050,6034,6002,6048,6029,6032,5018,5032,5015,5029,6003,5012,5020,6021,6011,5043,6041,5041,6049,6015,5030,5042,5028,5011,6018,6027,6028,6001,5001,5019,5006,6010,5049,6038,6016,5048,5023,6042,6047
Archaea,Euryarchaeota,Methanobacteria,Methanobacteriales,Methanobacteriaceae,Methanobrevibacter,,0.0,0.0,0.0,0.0,0.0,0.0,0.0,0.0,0.0,0.0,0.0,0.0,0.0,0.0,0.0,0.0,0.0,0.0,0.0,0.0,0.0,0.0,0.0,0.0,0.0,0.0,0.0,0.0,0.0,0.0,0.0,0.0,0.0005900575306092345,0.0,0.0,0.0,0.0,0.0,0.0,0.0,0.0,0.0,0.0,0.0,0.0,0.0,0.0,0.0,0.0,0.0,0.0,0.0,0.0,0.0,0.0,0.0,0.0,0.0,0.0,0.0,0.0,0.0,0.0,0.0,0.0,0.0,0.0,0.0,0.0,0.0,0.0,0.0,0.0,0.0,0.0,0.0,0.0,0.0,0.0,0.0,0.0,0.0,0.0,0.0,0.0,0.0,0.0,0.0,0.0,0.0,0.0,0.0,0.0,0.0,0.0,0.0,0.0
Archaea,Thermoplasmatota,Thermoplasmata,Methanomassiliicoccales,Methanomethylophilaceae,,,0.0,0.0,0.0,0.0,0.0,0.0,0.0,0.0,0.0,0.0,0.0,0.0,0.0,0.0,0.0,0.0,0.0,0.0,0.0,0.0,0.0,0.0,0.0,0.0,0.0,0.0,0.0,0.0,0.0,0.0,0.0,0.0,0.0021389585484584746,0.0,0.0,0.0,0.0,0.0,0.0,0.0,0.0,0.0,0.0,0.0,0.0,0.0,0.0,0.0,0.0,0.0,0.0,0.0,0.0,0.0,0.0,0.0,0.0,0.0,0.0,0.0,0.0,0.0,0.0,0.0,0.0,0.0,0.0,0.0,0.0,0.0,0.0,0.0,0.0,0.0,0.0,0.0,0.0,0.0,0.0,0.0,0.0,0.0,0.0,0.0,0.0,0.0,0.0,0.0,0.0,0.0,0.0,0.0,0.0,0.0,0.0,0.0,0.0
Bacteria,Actinobacteriota,Actinobacteria,,,,,0.0,0.0,0.0,0.0,0.0,0.0,0.0,0.0,0.0,0.0,0.0,0.0,0.0,0.0,0.0,0.0,0.0,0.0,0.0,0.0,0.0,0.0,0.0,0.0,0.0,0.0,0.0,0.0,0.0,0.0,0.0,0.0,0.0,0.0,0.0,0.0,0.0,0.0,0.0,0.0,0.0,0.0,0.0004959087527894868,0.0,0.0,0.0,0.00014099400775467044,0.0,0.0,0.0,0.0,0.0,0.0,0.0,0.0,0.0,0.0,0.0,0.0,0.0,9.231905465288036e-05,0.00020595201318092884,0.0,0.0,0.0,0.0,0.0003620564808110065,0.0,0.0,0.0,0.0,0.0,0.0,0.0,0.0,0.0,0.0,0.0,0.0,0.0,0.0,0.0,0.0005611322401645988,0.0,0.0,0.0,0.0,0.0,0.0,0.0,0.0,0.0,0.0,0.0,0.0,0.0,0.0
Bacteria,Actinobacteriota,Actinobacteria,Actinomycetales,Actinomycetaceae,Mobiluncus,,0.0,0.0,0.0013831258644536654,0.0,0.0,0.0,0.0,0.0,0.0,0.0,0.0,0.0,0.0,0.0,0.0,0.0,0.0,0.0,0.0,0.0,0.0,0.0,0.0,0.0,0.0,0.0,0.0,0.0,0.0,0.0,0.0,0.0,0.0,0.0,0.0,0.0,0.0,0.0,0.0,0.0,0.0,0.0,0.0,0.0,0.0,0.0,0.0,0.0,0.0,0.0,0.0,0.0,0.0,0.0,0.0,0.0,0.0,0.0,0.0,0.0,0.0,0.0,0.0,0.0,0.0,0.0,0.0,0.0,0.0,0.0,0.0,0.0,0.0,0.0,0.0,0.0,0.0,0.0,0.0,0.0,0.0,0.0,0.0,0.0,0.0,0.0,0.0,0.0,0.0,0.0,0.0,0.0,0.0,0.0,0.0,0.0,0.0
Bacteria,Actinobacteriota,Actinobacteria,Bifidobacteriales,Bifidobacteriaceae,,,0.0,0.0,0.0,0.0,0.0,0.0,4.8786437370411024e-05,0.0,0.0,0.0,0.0,0.0,0.0,0.0,0.0,0.0,0.0,0.0,0.0,0.0,0.0,0.0,0.0,0.00026191723415400735,0.0,0.0,0.0,0.0,0.00010380982040901069,0.0,0.0,0.0014641288433382138,0.0,0.0,0.0,0.0,0.0,0.0,0.0006238951856088177,0.0,0.0,0.0,0.0,0.0,0.00040358382436031965,0.0,0.0,0.0,0.0,0.0,0.0,0.0,0.0,0.0,0.0,0.0,0.0,0.0,0.0,0.0,0.0,0.0,0.0,0.0,0.0,0.0,0.0,0.0,0.0,0.0,0.0,0.0,0.0,0.0,0.0,0.0,0.0,0.0,0.0,0.0,0.0,0.0,0.0,0.0,0.0,0.0,0.0,0.0,0.0,0.0,0.0,0.00016359918200408997,0.0,0.0,0.0,0.0,0.000395882818685669
Bacteria,Actinobacteriota,Actinobacteria,Bifidobacteriales,Bifidobacteriaceae,Bifidobacterium,,0.0,0.0,0.0,0.0,0.0,0.0,0.0,0.0,0.0,0.0,0.0,0.0,0.0,0.0,0.0,0.0,0.0,0.0,0.0,0.0,0.0,0.0,0.0,0.0,0.0,0.0,0.0,0.0,0.0,0.0,0.0,0.0,0.0,0.0,0.0,0.0,0.0,0.0,0.0,0.0,0.0,0.0,0.0,0.0,0.0,0.0,0.0,0.0,0.0,0.0,0.0,0.0,0.0,0.0,0.0,0.0,0.0,0.0,0.0,0.0,0.0,0.0,0.0,0.0,0.0,0.0,0.0,0.0,0.0,0.0,0.0006293266205160479,0.0,0.0,0.0,0.0,0.0,0.0,0.0,0.0,0.0,0.0,0.0,0.0,0.0,0.0,0.0014518002322880372,0.0,0.0,0.0,0.0,0.0,0.0,0.0,0.0,0.0,0.0,0.0
Bacteria,Actinobacteriota,Actinobacteria,Bifidobacteriales,Bifidobacteriaceae,Gardnerella,,0.0014190317195325543,0.0,0.0006915629322268327,0.00018884849629384825,0.0,0.00023610892491736187,9.757287474082205e-05,0.0,0.0009945850370206653,0.0,0.0004792715073088905,0.00023806689679800025,0.0011369173298684423,0.0,0.00043591979075850045,0.0,0.0,0.0005900865460267506,0.0,0.0,0.0008530967411704487,0.0017462165308498253,0.0,0.007333682556312206,0.004330977889218144,0.0,0.0020977745348412986,0.0,0.0008304785632720855,0.0,0.0027180947450168263,0.0043191800878477305,0.0,0.028327338129496404,0.0,0.0006514657980456026,0.0,0.00096254110852651,0.00025995632733700737,0.0,0.0,0.008925383791503035,0.0011157946937763452,0.0,0.0014529017676971508,0.0,0.00015509340853013748,0.0,0.0,0.00020614306328592042,0.0,0.0,0.0,0.000175054704595186,0.0,0.007879656160458453,0.00046565774155995343,0.0,0.0,0.0,0.0009231905465288035,0.0,0.0,0.003866432337434095,0.00015819030293443012,0.0,0.005503258508327299,0.0,0.0049868766404199474,0.0,0.0,0.0,0.0,0.0,0.0,0.0,0.0034164673727365906,0.00018856065367693276,0.0,0.0,0.0,0.0012426476679645432,0.0006858282935345096,0.0,0.0,0.0,0.009146910584282247,0.00017417051293216058,0.0,0.0,0.0,0.0,0.0,0.0,0.0,0.0,0.0037891641217056896
Bacteria,Actinobacteriota,Actinobacteria,Bifidobacteriales,Bifidobacteriaceae,Gardnerella,Gardnerella vaginalis,0.0,0.0,0.0,0.0,0.0,0.0,0.0,0.0,0.0,0.0,0.0,0.0,0.0,0.0,0.0,0.0,0.0,0.0,0.0,0.0,0.0,0.0,0.0,0.0,0.00022794620469569182,0.0,0.0,0.0,0.0,0.0,0.0,0.0,0.0,0.0,0.0,0.0,0.0,0.0,0.0,0.0,0.0,0.0,0.0,0.0,0.0,0.0,0.0,0.0,0.0,0.0,0.0,0.0,0.0,0.0,0.0,0.0,0.0,0.0,0.0,0.0,0.00018463810930576072,0.0,0.0,0.00070298769771529,0.0,0.0,0.0,0.0,0.0,0.0,0.0,0.0,0.0,0.0,0.0,0.0,0.0,0.0,0.0,0.0,0.0,8.284317786430287e-05,0.0,0.0,0.0,0.0,0.00018667164457718873,0.0,0.0,0.0,0.0,0.0,0.0,0.0,0.0,0.0,0.0
Bacteria,Actinobacteriota,Actinobacteria,Bifidobacteriales,Bifidobacteriaceae,Neoscardovia,,0.0,0.0,0.0,0.0,0.0,0.00015740594994490792,0.0,0.0,0.0,0.0,0.0,0.0,0.00016241676140977748,0.0,0.0,0.0,0.0,0.0,0.0,0.0,0.0,0.0,0.0,0.0,0.0,0.0,0.0,0.0,0.0,0.0,0.0,0.0,0.0,0.0008992805755395684,0.0,0.0,0.0,0.0,0.0,0.0,0.0,0.0,0.0,0.0,0.0,0.0,0.0,0.0,0.0,0.0,0.0,0.0,0.0,0.0,0.0,0.00035816618911174784,0.00023282887077997672,0.0,0.0,0.0,0.0009231905465288035,0.0,0.0,0.000351493848857645,0.0,0.0,0.0,0.0,0.0,0.0,0.0,0.0,0.0,0.0,0.0,0.0,0.00034164673727365904,0.0,0.0,0.0,0.0,8.284317786430287e-05,0.0,0.0,0.0,0.0,0.0005600149337315662,0.0,0.0,0.0,0.0,0.0,0.0,0.0,0.0,0.0,0.00011310937676733401
Bacteria,Actinobacteriota,Actinobacteria,Corynebacteriales,,,,0.0,0.0,0.0,0.0,0.0,0.0,0.00014635931211123308,0.0,0.0,0.0,0.0,0.0,0.0,0.0,0.0,0.0,0.0,0.0,0.0,0.0,0.0,0.0,0.0,0.0,0.0,0.0,0.0,0.0,0.0,0.0,0.0,0.0,0.0,0.0,0.0,0.0,0.0,0.0,0.0,0.0,0.0,0.0,0.0,0.0,0.0,0.0,0.0,0.0,0.0,0.0,0.0,0.0,0.0,0.0,0.0,0.0,0.0,0.0,0.0,0.0,0.0,0.0,0.0,0.0,0.0,0.0,0.0,0.0,0.0,0.0,0.0,0.0,0.0,0.0,0.0,0.0,0.0,0.0,0.0,0.0,0.0,0.0,0.0,0.0,0.0,0.0,0.0,0.0,0.0,0.0,0.0,0.0,0.0,0.0,0.0,0.0,0.0
Bacteria,Actinobacteriota,Actinobacteria,Corynebacteriales,Corynebacteriaceae,Corynebacterium,,0.0,0.0,0.0,0.0,0.0,0.0,0.0,0.0,0.0,0.0,0.0,0.0,0.0,0.0,0.0,0.0,0.0,0.0,0.0,0.0,0.0,0.0,0.0,0.0,0.0,0.0,0.0,0.0,0.0,0.000163826998689384,0.0,0.0,0.0,0.0,0.0,0.0,0.0,0.0,0.0,0.0,0.0,0.0,0.0,0.0,0.0,0.0,0.0,0.00011244167088322933,0.0,0.0,0.0,0.0001697648756472286,0.0,0.0,0.0,0.0,0.0,0.0,0.0,0.0,0.0,0.0,0.0,0.0,0.0,0.0,0.0,0.0,0.0,0.0,0.0,0.0,0.0,0.0,0.0,0.0,0.0,0.0,0.0,0.0,0.0,0.0,0.0,0.0,0.0,0.0,0.0,0.0,0.0,0.0,0.0,0.0,0.0,0.0,0.0,0.0,0.0
Bacteria,Actinobacteriota,Actinobacteria,Corynebacteriales,Nocardiaceae,Millisia,,0.0,0.0,0.0,0.0,0.0,0.0,0.0,0.0,0.0,0.0,0.0,0.0,0.0,0.0,0.0,4.230655328510386e-05,0.0,0.0,0.0,0.0,0.0,0.0,0.0,0.0,0.0,0.0,0.0,0.0,0.0,0.0,0.0,0.0,0.0,0.0,0.0,0.0,0.0,0.0,0.0,0.0,0.0,0.0,0.0,0.0,0.0,0.0,0.0,0.0,0.0,0.0,0.0,0.0,0.0,0.0,0.0,0.0,0.0,0.0,0.0,0.0,0.0,0.0,0.0,0.0,0.0,0.0,0.0,0.0,0.0,0.0,0.0,0.0,0.0,0.0,0.0,0.0,0.0,0.00018856065367693276,0.0,0.0,0.0,0.0,0.0,0.0,0.0,0.0,0.0,0.0,0.0,0.0,0.0,0.0,0.0,0.0,0.0,0.0,0.0
Bacteria,Actinobacteriota,Actinobacteria,Micrococcales,,,,0.0,0.0,0.0,0.0,0.0,0.0,0.0,0.0,0.0,0.0,0.0,0.0,0.0,0.0,0.0,0.0,0.0,0.0,0.0,0.0,0.0,0.0,0.0,0.0,0.0,0.0,0.0,0.0,0.0,0.0,0.0,0.0,0.0,0.0,0.0,0.0,0.0,0.0,0.0,0.0,0.0,0.0,0.0,0.0,0.0,0.0,0.0,0.0,0.0,0.0,0.0,0.0,0.0,0.0,0.0,0.0,0.0,0.0,0.0,0.0,0.0,0.0,0.0,0.0,0.0,0.0,0.0,0.0,0.0,0.0,0.0,0.0,0.0,0.0,0.0,0.0,0.0,0.0,0.0,0.0,0.0,0.0,0.0,0.0,0.0,0.0,0.0,0.0,0.0,0.0,0.0,0.0,7.4510096118024e-05,0.0,0.0,0.0,0.0
Bacteria,Actinobacteriota,Actinobacteria,Micrococcales,Promicromonosporaceae,Xylanibacterium,,0.0,0.0,0.0,0.0,0.0,0.0,0.0,0.0,0.0,0.0,0.0,0.0,0.0,0.0,0.0,0.0,0.0,0.0,0.0,0.0,0.0,0.0,0.0,0.0,0.0,0.0,0.0,0.0,0.0,0.0,0.0,0.0,0.0,0.0,0.0,0.0,0.0,0.0,0.0,0.0,0.0,0.0,0.0,0.0,0.0,0.0,0.0,0.0,0.0,0.0,0.0,0.0,0.0,0.0,0.0,0.0,0.0,0.0,0.0,0.0,0.0,0.0,0.0,0.0,0.0,0.0,0.0,0.0,0.0,0.0,0.0,0.0,0.0,0.0,0.0,0.0,0.0,0.0,0.0,0.0,0.0,0.0,0.0,0.0,0.0,0.0,0.0,0.0,0.0,0.0,0.0,0.0,7.4510096118024e-05,0.0,0.0,0.0,0.0
Bacteria,Actinobacteriota,Actinobacteria,Propionibacteriales,Propionibacteriaceae,Cutibacterium,,0.0,0.0,0.0,0.0,0.0,0.0,0.0,0.0,0.0,0.0,0.0,0.0,0.0,0.0,0.0,0.0,0.0,0.0,0.0,0.0,0.0,0.0,0.0,0.0,0.0,0.0,0.0009576796789492886,0.0,0.0,0.0,0.0,0.0,0.0,0.0,0.0,0.0,0.0,0.0,0.0,0.0,0.0,0.0,0.0,0.0,0.0,0.0,0.0,0.0,0.0,0.0,0.0,0.0,0.0,0.0,0.0,0.0,0.0,0.0,0.0,0.0,0.0,0.0,0.0,0.0,0.0,0.0,0.0,0.0,0.0,0.0,0.0,0.0,0.0,0.0,0.0,0.0,0.0,0.0,0.0,0.0,0.0,0.0,0.0,0.0,0.0,0.0,0.0,0.0,0.0,0.0,0.0,0.0,0.0,0.0,0.0,0.0,0.0
Bacteria,Actinobacteriota,Coriobacteriia,Coriobacteriales,Atopobiaceae,Atopobium,,0.0022537562604340567,0.0,0.004495159059474412,0.0,0.0,0.0,0.0,0.0,0.0,0.0,0.0,0.0,0.0017865843755075525,0.0,0.001961639058413252,0.0,0.0,0.0,0.0009913258983890955,0.0005472954483261881,0.00042654837058522436,0.002328288707799767,0.0,0.0,0.0,0.0,0.0005016417365924845,0.0,0.0,0.0,0.0,0.0,0.0,0.0035971223021582736,0.0001426126640045636,0.005863192182410423,0.0,0.0,0.0,0.0,0.0,0.0,0.0,0.0,0.00016143352974412785,0.0,0.0,8.433125316242199e-05,0.0,0.0,0.0,0.0,0.0,0.000437636761487965,0.0,0.0005372492836676218,0.0020954598370197903,0.0,0.0,0.0,0.00046159527326440175,0.0,0.0,0.01968365553602812,0.00023728545440164517,0.0,0.0,0.0,0.0,0.0,0.0,0.0,0.0,0.0,0.0,0.0,0.0,0.0,0.00026697992310978217,0.0,0.00025450473378804846,0.006378924695551322,0.0,0.0,0.0,0.0,0.005786820981892851,0.00034834102586432116,0.0,0.0007766758274584777,0.0,0.0,0.0,0.0,0.0,0.0,0.000735210948987671
Bacteria,Actinobacteriota,Coriobacteriia,Coriobacteriales,Atopobiaceae,Atopobium,Atopobium vaginae,0.0001669449081803005,0.0,0.0,0.0,0.0,0.0,0.0,0.0,0.0,0.0,0.0,0.0,0.0,0.0,0.0,0.0,0.0,0.0,0.0,0.0,0.0,0.0,0.0,0.0,0.0,0.0,0.0,0.0,0.0,0.0,0.0,0.0,0.0,0.0,0.0,0.0,0.0,0.0,0.0,0.0,0.0,0.0,0.0,0.0,0.0,0.0,0.0,0.0,0.0,0.0,0.0,0.0,0.0,0.0,0.0,0.0,0.0,0.0,0.0,0.0,0.0,0.0,0.0,0.0,0.0,0.0,0.0,0.0,0.0,0.0,0.0,0.0,0.0,0.0,0.0,0.0,0.0,0.0,0.0,0.0,0.0,0.0,0.0,0.0,0.0,0.0,0.0,0.0,0.0,0.0,0.0,0.0,0.0,0.0,0.0,0.0,0.0
Bacteria,Bacteroidota,Bacteroidia,,,,,0.0,0.0,0.0,0.0,0.0,0.0,0.0,0.0,0.0,0.0,0.0,0.0,0.0,0.0,0.0,0.0,0.0,0.0,0.0,0.0,0.0003412386964681795,0.0,0.0,0.0,0.0,0.0,0.0,0.0,0.0,0.0,0.0,0.0,0.0,0.0,0.0,0.00021715526601520088,0.0,0.0,0.0,0.0,0.0,0.0,0.0,0.0,0.0,0.0,0.0,0.0,0.0,0.0,0.0,0.0,0.0,0.0,3.473910928923782e-05,0.0,0.0,0.0,0.0,0.0,0.0,0.0,0.0,0.0,0.0,0.0,0.0,0.0,0.0,0.0,0.0,0.0,0.0,0.0,0.0,0.0,0.0,0.0,0.0,0.0,0.0,0.00016568635572860574,0.0,0.0,0.0,0.0,0.0,0.00017417051293216058,0.0,0.0,0.0,0.0,0.0,0.0,0.0,0.0,0.0
Bacteria,Bacteroidota,Bacteroidia,Bacteroidales,,,,0.0,0.0,0.0,0.0,0.0,0.0,0.0,0.0,0.0,0.0,0.0,0.0,0.0,0.0,0.0,0.0,0.0,0.0001966955153422502,0.0,0.0,0.0,0.0,0.0,0.0,0.0,0.0,9.120758847136082e-05,0.0,0.0,0.0,0.0,0.0,0.0,0.0,0.0,0.0,0.0,0.0,0.0,0.0,0.0,0.0,0.0,0.0,0.0,0.0,0.0,0.0,0.0,0.0,0.0,0.0,0.0005535566011624688,0.0,0.0,0.0,0.0,0.0,0.0,0.0,0.0,0.0,0.0,0.0,0.0,0.0,0.0,0.0,0.0,0.0,0.0,0.0,0.0,0.0,0.0,0.0,0.0,0.0,0.0,0.0,0.0,0.00016568635572860574,0.0,0.0,0.0,0.0,0.0,0.0,0.0,5.97442944198829e-05,0.0,0.0,0.0,0.0,0.0,0.0,0.0
Bacteria,Bacteroidota,Bacteroidia,Bacteroidales,Marinilabiliaceae,,,0.0005843071786310517,0.0,0.0,0.0,0.0,0.0,0.0,0.0,0.0,0.0,0.0,0.0,0.0,0.0,0.0,0.0,0.0,0.0,0.0,0.0,0.0,0.0,0.0,0.0,0.0,0.0,0.0,0.0,0.0,0.0,0.0,0.0,0.0,0.0,0.0,0.0,0.0,0.0,0.0,0.0,0.0,0.0,0.0,0.0,0.0,0.0,0.0,0.0,0.0,0.0,0.0,0.0,0.0,0.0,0.0,0.0,0.0,0.0,0.0,0.0,0.0,0.0,0.0,0.0,0.0,0.0,0.0,0.0,0.0,0.0,0.0,0.0,0.0,0.0,0.0,0.0,0.0,0.0,0.0,0.0,0.0,0.0,0.0,0.0,0.0,0.0,0.0,0.0,0.0,0.0,0.0,0.0,0.0,0.0,0.0,0.0,0.0
Bacteria,Bacteroidota,Bacteroidia,Bacteroidales,Porphyromonadaceae,Porphyromonas,,0.0,0.0,0.0006915629322268327,0.0,0.0,0.0,0.0,0.00015145778114350624,0.0,0.0,0.0,0.0,0.0,0.0,0.0,4.230655328510386e-05,0.0,0.0,0.0007434944237918215,0.0,0.0003412386964681795,0.0,0.0,0.0,0.0,0.0,0.0,0.0,0.0,0.0,0.0,0.0,0.0,0.0,0.0,0.0,0.0,0.0,0.0,0.0,0.0,0.0,0.0,0.0,0.0,0.0,5.639760310186817e-05,0.0,0.0,0.0,0.0,0.0,0.0,0.0,0.0,0.0,0.0,0.0,0.0,0.0,0.0,0.0,0.0,0.0,0.0,0.0,0.0,0.0,0.0,0.0,0.0,0.0,0.0,0.0,0.0,0.0,0.0,0.0,0.0,0.0,0.0,0.0,0.0,0.0,0.0,0.0,0.0,0.0,0.0,0.0,0.0,0.0,0.0,0.0,0.0,0.0,0.0
Bacteria,Bacteroidota,Bacteroidia,Bacteroidales,Prevotellaceae,,,0.0,0.0,0.0,0.0,0.0,0.0,0.0,0.0,0.0,0.0,0.0,0.0,0.0,0.0,0.0,0.0,0.0,0.0,0.0,0.0,0.0,0.0,0.0,0.0,0.0,0.0,0.0,0.0,0.0,0.0,0.0,0.0,0.0002212715739784629,0.0,0.0,0.0,0.0,0.0,0.0,0.0,0.0,0.0,0.0,0.0,0.0,0.0,0.0,0.0,0.0,0.0,0.0,0.0,0.0,0.0,0.0,0.0,0.0,0.0,0.0,0.0,0.0,0.0,0.0,0.0,0.0,0.0,0.0,0.0,0.0,0.0,0.0,0.0,0.0,0.0,0.0,0.0,0.0,0.0,0.0,0.0,0.0,0.0,0.0,0.0,0.0,0.0,0.0,0.0,0.0,0.0,0.0,0.0,0.0,0.0,0.0,0.0,0.0
Bacteria,Bacteroidota,Bacteroidia,Bacteroidales,Prevotellaceae,Alloprevotella,,0.0,0.0,0.0,0.0,0.0,0.0,0.0,0.0,0.0,0.0,0.0,0.0,0.0,0.0,0.0,0.0,0.0,0.0,0.0,0.0,0.0,0.0,0.0,0.0,0.0,0.0,0.0,0.0,0.0,0.0,0.0,0.0,0.0,0.0,0.0,0.0,0.0,0.0,0.0,0.0,0.0,0.0,0.0,0.0,0.0,0.0,0.0,0.0,0.0,0.0,0.0,0.0,0.0,0.0,0.0,0.0,0.0,0.0,0.0,0.0,0.0,0.0,0.0,0.0,0.0,0.0,0.0,0.0,0.0,0.0,0.0,0.0,0.0,0.0,0.0,0.0,0.0,0.0,0.0,0.0,0.0,0.0,0.0,0.0,0.0,0.0,0.0,0.0,7.71188401326444e-05,0.0,0.0,0.0,0.0,0.0,0.00034754402224281743,0.0,0.0
Bacteria,Bacteroidota,Bacteroidia,Bacteroidales,Prevotellaceae,Prevotella,,0.0,0.0,0.004495159059474412,0.0,0.0,0.0,0.0001951457494816441,0.0,0.0,0.0,0.0,0.00011903344839900012,0.0006496670456391099,0.0024991074616208496,0.0,0.0,0.00041600221867849963,0.0007867820613690008,0.0009913258983890955,0.0005472954483261881,0.0,0.0017462165308498253,0.0,0.0,0.0,0.0004768392370572207,0.00022801897117840205,0.0,0.00041523928163604275,0.000327653997378768,0.0,0.0,0.0019176869744800117,0.0,0.0,0.0010857763300760044,7.333797807194455e-05,0.0,0.0002079650618696059,0.0,0.0,0.0007140307033202428,0.0,0.0,0.0,0.0,0.0,0.0001967729240456513,0.0,0.0,0.0,0.0,0.0019374481040686411,0.0,0.0001389564371569513,0.00017908309455587392,0.0006984866123399302,0.0,0.00021483815525637353,0.0,0.0002769571639586411,0.00020595201318092884,0.001722158438576349,0.0,0.0,0.0,0.0,0.0,0.001837270341207349,0.0,0.0,0.0005767012687427913,0.0,0.0,0.0,0.0,0.0,0.0,0.00042716787697565144,0.0038684719535783366,0.0,8.284317786430287e-05,0.0,0.0001854828737479906,0.0,0.0008710801393728223,0.0009333582228859437,0.0013062788469912043,0.0007711884013264441,0.0019118174214362528,4.9453538400672565e-05,0.0,0.00022353028835407198,0.000375234521575985,0.0004633920296570899,0.0,0.0
Bacteria,Bacteroidota,Bacteroidia,Bacteroidales,Prevotellaceae,Prevotella,Prevotella timonensis,0.0,0.0,0.00034578146611341634,0.0,0.0,0.0,0.0,0.0,0.0,0.0,0.0,0.0,0.0,0.0,0.0,0.0,0.0,0.0,0.0,0.0,0.0,0.00019402405898331392,0.0,0.0,0.0,0.0,0.0,0.0,0.0,0.0,0.0,0.0,0.0,0.0,0.0,0.0,0.0,0.0,0.0,0.0,0.0,0.0,0.0,0.0,0.0,0.0,0.0,0.0,0.0,0.0,0.0,0.0,0.0,0.0,0.0,0.0,0.0,0.0,0.0,0.0,0.0,0.0,0.0,0.0,0.0,0.0,0.0,0.0,0.0,0.0,0.0,0.0,0.0,0.0,0.0,0.0,0.0,0.0,0.0,0.0,0.0,0.0,0.0,0.0,0.0,0.0,0.0,0.0,0.0,0.0,0.0,0.0,0.0,0.0,0.0,0.0,0.0
Bacteria,Campilobacterota,Campylobacteria,Campylobacterales,Campylobacteraceae,Campylobacter,,0.0,0.0,0.0,0.0,0.0,0.0,0.0,0.0,0.0,0.0,0.0,0.0,0.0,0.0,0.0,0.0,0.0,0.0,0.0,0.0,0.0,0.0,0.0,0.0,0.0,0.0,0.0,0.0,0.0,0.0,0.0,0.0,0.0,0.0,0.0,0.0,0.0,0.0,0.0,0.0,0.0,0.0,0.0,0.0,0.0,0.0,0.0,0.0,0.0,0.0,0.0,0.0,0.0,0.0,0.0,0.0,0.0,0.0,0.0,0.0,0.0,0.0,0.0,0.0,0.0,0.0,0.0,0.0,0.0,0.0,0.0,0.0,0.0,0.0,0.0,0.0,0.0010249402118209772,0.0,0.0,0.0,0.0,0.0,0.0,0.0,0.0,0.0,0.0,0.0,0.0,0.0,0.0,0.0,0.0,0.0,0.0,0.0,0.0
Bacteria,Cyanobacteria,Cyanobacteriia,,,,,0.0,0.0,0.0,0.0,0.0,0.0,0.0001707525307964386,0.0,0.0,0.0,0.0,0.0,0.0,0.0,0.0,0.0,0.0,0.0,0.0,0.0,0.0,0.0,0.0,0.0,0.0,0.0,0.0,0.0,0.0,0.0,0.0,0.0,0.0,0.0,0.0,0.0,0.0,0.0,0.0,0.0,0.0,0.0,0.0,0.0,0.0,0.0,0.0,0.0,0.0,0.0,0.0,0.0,0.0,0.0,0.0,0.0,0.0,0.0,0.0,0.0,0.0,0.0,0.0,0.0,0.0,0.0,0.0,0.0,0.0,0.0,0.0,0.0,0.0,0.0,0.0,0.0,0.0,0.0,0.0,0.0,0.00035630662730326784,0.0,0.0,0.0,0.0,0.0,0.0,0.0,0.0,0.0,0.0001813296408024661,0.0,0.0,0.0,0.0,0.0,0.0
Bacteria,Cyanobacteria,Cyanobacteriia,Chloroplast,,,,0.0,0.0,0.0,0.0,0.0,0.0,0.00014635931211123308,0.0,0.0,0.0,0.0,0.0,0.0,0.0,0.0,4.230655328510386e-05,0.0,0.0,0.0,0.0,0.0,0.0,0.0,0.0,0.0,0.0004768392370572207,0.0,0.0,0.0,0.0,0.0,0.0,0.0,0.0,0.0,0.0,0.0,0.0,0.0,0.0,0.0011806375442739079,0.0,0.0,0.0,0.0,0.0,0.0,0.00011244167088322933,0.0,0.0,0.0,0.00025464731347084286,0.0,0.0,0.0,0.0,0.0,0.0,0.0,0.0,0.0,0.0,0.0,0.0,0.0,0.001637043966323667,0.0,0.0,0.0,0.0,0.0,0.0,0.0,0.0,0.0,0.0,0.0,0.0006913890634820867,0.00149508756941478,0.0,0.0,0.0,0.0,0.0,0.0,0.0,0.0,0.0,0.0,0.0,0.0,0.0,0.0,0.0,0.0,0.0,0.0
Bacteria,Firmicutes,,,,,,0.0,0.0,0.0,0.0,0.0,0.0,0.0,0.0,0.0,0.0,0.0,0.0,0.0,0.0,0.00021795989537925023,0.0,0.0,0.0,0.0,0.0,0.0,0.0,0.0007417297136923305,0.0,0.0,0.0,9.120758847136082e-05,0.0,0.00010380982040901069,0.0,0.0,0.0028550512445095167,0.0001475143826523086,0.0004496402877697842,0.0,0.0,0.0,0.0,0.0,0.0,0.0,0.0003570153516601214,0.0,0.0,0.0025829364759060456,0.0,0.0,0.0,0.0,0.0,0.0,0.0,0.0002767783005812344,0.000175054704595186,0.0,0.0014326647564469914,0.0,0.0,0.0,0.0,0.0,0.0,0.0,0.0,0.00023728545440164517,0.0,0.0002896451846488052,0.0,0.00026246719160104987,0.0,0.0002697114087925919,0.0,0.0,0.0,0.0,0.0,0.0,0.0,0.0,0.0,0.0,8.284317786430287e-05,0.0,0.0,0.0,0.0,0.0,0.0,0.0,0.0,0.0,0.0,0.0,0.0,0.00011584800741427248,0.0,0.0
Bacteria,Firmicutes,Bacilli,,,,,0.0,0.0,0.0,0.0,0.0,0.0,0.0,0.00022718667171525936,0.0,0.0,0.0,0.0,0.0,0.0,0.0,0.0,0.0,0.0,0.0,0.0,0.0,0.0,0.0,0.0,0.0013676772281741509,0.0,0.0,0.0011738148984198646,0.0,0.0,0.0,0.002342606149341142,0.0,0.0,0.0,0.0,0.0005500348355395842,0.0,0.0,0.0009403125419782384,0.00015071968650305208,0.0,0.0,0.0,0.0,0.0,0.0,0.0,0.0,0.0,0.0,0.0,0.0,0.0,0.0,0.00017908309455587392,0.0,0.0,7.161271841879118e-05,0.0,9.231905465288036e-05,0.0,0.0,0.0,0.0,0.0,0.0,0.0,0.0,0.0,0.0,0.0,0.0031239153071850054,0.0021743561867228374,0.0,0.0,0.0010249402118209772,0.0,0.0,0.0,0.0,0.0,0.0,0.0,0.0,0.0,0.0,0.0,7.71188401326444e-05,0.0,0.0,0.0,3.7255048059012e-05,0.0,0.0,0.0,0.00016966406515100103
Bacteria,Firmicutes,Bacilli,Bacillales,Bacillaceae,,,0.0,0.0,0.0,0.0,0.0,0.0,0.0,0.0,0.0,0.0,0.0,0.0,0.0,0.0,0.0,0.0,0.0,0.0,0.0,0.0,0.0,0.0,0.0,0.0,0.0,0.0,0.002325793506019701,0.0,0.0,0.0,0.0,0.0,0.0,0.0,0.0,0.0,0.0,0.0,0.0,0.0,0.0,0.0,0.0,0.0,0.0,0.0,0.0,0.0,0.0,0.0,0.0,0.0,0.0,0.0,0.0,0.0,0.0,0.0,0.0,0.0,0.0,0.0,0.0,0.0,0.0,0.0,0.0,0.0,0.0,0.0,0.0,0.0,0.0,0.0,0.0,0.0,0.0,0.0,0.0,0.0,0.0,0.0,0.0,0.0,0.0,0.0,0.0,0.0,0.0,0.0,0.0,0.0,0.0,0.0,0.0,0.0,0.0
Bacteria,Firmicutes,Bacilli,Erysipelotrichales,Erysipelatoclostridiaceae,UCG-004,,0.0,0.0,0.0,0.0,0.0,0.0,0.0,0.0,0.0,0.0,0.0,0.0,0.0,0.0,0.0,0.0,0.0,0.0,0.0,0.0,0.0,0.0,0.0,0.0,0.0,0.0,0.0,0.0,0.0,0.0,0.0,0.0,0.0,0.0,0.0,0.0,0.0,0.0,0.0,0.0,0.0,0.0,0.0,0.0,0.0,0.0,0.0,0.0,0.0,0.0,0.0,0.0,0.0,0.0,0.0,0.0,0.0,0.0,0.0,0.0,0.0,0.0,0.0,0.0,0.0,0.0,0.0,0.0,0.0,0.0,0.0,0.0,0.0,0.0,0.0,0.0,0.0,0.0,0.0,0.0,0.0,0.0,0.0,0.00012365524916532706,0.0,0.0,0.0,0.0,0.0,0.0,0.0,0.0,0.0,0.0,0.0,0.0,0.0
Bacteria,Firmicutes,Bacilli,Erysipelotrichales,Erysipelotrichaceae,Bulleidia,,0.0,0.0,0.0,0.0,0.0,0.0,0.0,0.0,0.0,0.0,0.0,0.0,0.0,0.0,0.0,0.0,0.0,0.0,0.0,0.0,0.0,0.0,0.0,0.0,0.0,0.0,0.0,0.0,0.0,0.0,0.0,0.0,0.0,0.0,0.0,0.0,0.0,0.0,0.0,0.0,0.0,0.0,0.0,0.0,0.0,0.0,0.0,0.0,0.0,0.0,0.0,0.0,0.0,0.0,0.0,0.0,0.0,0.0,0.0,0.0,0.0,0.0,0.0,0.00070298769771529,0.0,0.0,0.0,0.0,0.0,0.0,0.0,0.0,0.0,0.0,0.0,0.0,0.0,0.0,0.0,0.0,0.0,0.0,0.0,0.0,0.0,0.0,0.0,0.0,0.0,0.0,0.0,0.0,0.0,0.0,0.0,0.0,0.0
Bacteria,Firmicutes,Bacilli,Erysipelotrichales,Erysipelotrichaceae,Holdemanella,,0.0,0.0,0.0,0.0,0.0,0.0,0.0,0.0,0.0,0.0,0.0,0.0,0.0,0.0,0.0,0.0,0.0,0.0,0.0,0.0,0.0,0.0,0.0,0.0,0.0,0.0,0.0,0.0,0.0,0.0,0.0,0.0,0.0,0.0,0.0,0.0,0.0,0.0,0.0,0.0,0.0,0.0,0.0,0.0,0.0,0.0,0.0,0.0,0.0,0.0,0.0,0.0,0.0,0.0,0.0,0.0,0.0,0.0,0.0,0.0,0.0,0.0,0.0,0.0,0.0,0.0,0.0,0.0,0.0,0.0,0.0,0.0,0.0,0.0,0.0,0.0,0.0,0.0,0.0,0.0,0.0,0.0,0.0,0.0,0.0,0.0,0.0,0.0,0.0001542376802652888,0.0,0.0,0.0,0.0,0.0,0.0,0.0,0.0
Bacteria,Firmicutes,Bacilli,Lactobacillales,,,,0.0,0.0003039975680194558,0.0,4.7212124073462063e-05,0.0008285004142502071,0.00023610892491736187,0.0001707525307964386,0.000946611132146914,0.00044203779423140677,0.0,0.0003594536304816679,0.0,0.0006496670456391099,0.0024991074616208496,0.0,2.820436885673591e-05,0.00027733481245233307,0.0013768686073957514,0.00024783147459727387,0.0,0.0,0.0013581684128831976,0.004302032339415517,0.0018334206390780514,0.0,0.00040871934604904634,0.00027362276541408243,0.0,0.0003114294612270321,0.0017201834862385322,0.000776598498576236,0.00014641288433382137,7.37571913261543e-05,0.002697841726618705,0.0,0.0026058631921824105,0.0001466759561438891,0.0,0.00015597379640220442,0.0001791071508529978,0.0,0.0010710460549803642,0.0019216464170592612,5.0895765472312706e-05,0.0003228670594882557,0.0011267958308554258,0.0002255904124074727,0.0,0.0007047216349541931,0.00030921459492888067,0.0,0.0001697648756472286,0.0011071132023249377,0.000262582056892779,3.473910928923782e-05,0.0008954154727793697,0.0,0.0002924831822170225,0.00021483815525637353,0.0028039254956939716,0.0006462333825701625,0.0021110081351045206,0.0028702640642939152,0.0,0.0,0.0,0.00021723388848660392,0.00019692792437967703,0.00026246719160104987,0.00012312238364934746,0.003236536905511103,0.0,0.00017355085039916696,0.0,0.0004347826086956522,0.0011814124442110791,0.0,0.00031426775612822125,0.0,0.0,0.0,0.0004970590671858172,0.0006234802668495542,0.0001854828737479906,0.0021424745581146223,0.00029036004645760743,0.0,8.708525646608029e-05,0.0005398318809285109,0.001732584538176604,6.593805120089676e-05,0.00049079754601227,0.0016764771626555399,0.000375234521575985,0.00011584800741427248,0.0009082017605141819,0.000791765637371338
Bacteria,Firmicutes,Bacilli,Lactobacillales,Aerococcaceae,Aerococcus,,0.0,0.0,0.0,0.0,0.0,0.0,0.0,0.0,0.0,0.0,0.0,0.00023806689679800025,0.0012993340912782199,0.0,0.0,0.0,0.0,0.0001966955153422502,0.0,0.0,0.0,0.0,0.0,0.0,0.0,0.0,0.0,0.0,0.00020761964081802137,0.0,0.0,0.0,0.0,0.0,0.0,0.0008686210640608035,0.0,0.0,0.0,0.0,0.0,0.0,0.0,0.0,0.0,0.0,0.0,0.0,0.0,0.0,0.0,0.0,0.0,0.0,0.0,0.0,0.0,0.0,0.0,0.0,0.0,0.0,0.0,0.0,0.0,0.0,0.0005068790731354091,0.0,0.0,0.0,0.0,0.0,0.0,0.0,0.0,0.0,0.0,0.0,0.0,0.0,0.00015270284027282908,0.0,0.0,0.0,0.0,0.0,0.0,0.0,0.0,0.0,0.0,0.0,0.0,0.0,0.0,0.0,0.0
Bacteria,Firmicutes,Bacilli,Lactobacillales,Carnobacteriaceae,Granulicatella,,0.0,0.0,0.0,0.0,0.0,0.0,0.0,0.0,0.0,0.0,0.0,0.0,0.0,0.0,0.0,0.0,0.0,0.0,0.0,0.0,0.0,0.0,0.0,0.0,0.0,0.0,0.0,0.0,0.0,0.0,0.0,0.0,0.0,0.0,0.0,0.0,0.0,0.0,0.0,0.0,0.0,0.0,0.0,0.0,0.0,0.0,0.0,0.0,0.0,0.0,0.0,0.0,0.0,0.0,0.0,0.0,0.0,0.0,0.0,0.0,0.0,0.0,0.0,0.0,0.0,0.0,0.0,0.0,0.0,0.0,0.0,0.0,0.0,0.0,0.0,0.0,0.0,0.0,0.0,0.0,0.0,0.0,0.0,0.0,0.0,0.0,0.0,0.0,0.0,0.0,0.0,0.0,0.0,0.0,0.00023169601482854495,0.0,0.0
Bacteria,Firmicutes,Bacilli,Lactobacillales,Enterococcaceae,,,0.0,0.00010133252267315195,0.0,0.0,0.0,0.0,0.0,0.0,0.0,0.0,0.0,0.0,0.0,0.0,0.0,0.0,0.0008320044373569993,0.0,0.0,0.0,0.0,0.0,0.0,0.0,0.0,0.0,0.0,0.0,0.0,0.0,0.0,0.0,0.0,0.0,7.13063320022818e-05,0.0,0.0,0.0,0.00010398253093480295,0.0,0.0,0.0,0.0,0.0,0.0,0.0,0.0,0.0,0.0,0.0,8.119519324455992e-05,0.0,0.0,0.0,0.0,0.0,0.0,0.0,0.0,0.0,0.0,0.0,0.0,0.0,0.0,0.0,0.0,0.0,0.0,0.0,0.0,0.0,0.0,0.0,0.0,0.0,0.0,0.0,0.0,0.0,0.0,0.0,0.0,0.0,0.0,0.0,0.0,0.0,0.0,0.0,0.0,0.0,0.0,0.0,0.0,0.0,0.0
Bacteria,Firmicutes,Bacilli,Lactobacillales,Enterococcaceae,Enterococcus,,0.0,0.0,0.0,0.0,0.0,0.0,0.0,0.0,0.0,0.0,0.0,0.0,0.0,0.0,0.0,0.0,0.0,0.0,0.0,0.0,0.0,0.0,0.0,0.0,0.0,0.0,0.0,0.0,0.0,0.0,0.0,0.0,0.0,0.0,0.0,0.0,0.0,0.0,0.0,0.0,0.0,0.0,0.0,0.0,0.0,0.0,0.0,0.0,0.0,0.0,0.0,0.0,0.0,0.0,0.0,0.0,0.0,0.0,0.0,0.0,0.0,0.0,0.0,0.0,0.0,0.0,0.0,0.0,0.0,0.0,0.0,0.0,0.0,0.0,0.0,0.0,0.0,0.0,0.0,0.0,0.0,0.0,0.0,0.0,0.0,0.00029036004645760743,0.0,0.0,0.0,0.0,0.0,0.0,0.0,0.0,0.0,0.0,0.0
Bacteria,Firmicutes,Bacilli,Lactobacillales,Lactobacillaceae,Lactobacillus,,0.000667779632721202,0.012666565334143993,0.0,0.017279637410887116,0.02568351284175642,0.0005509208248071777,0.006976460543968777,0.002953426732298372,0.0038678306995248092,0.0,0.0040738078121255695,0.00035710034519700033,0.0021114178983271076,0.024634059264548376,0.007192676547515257,0.0001551240287120475,0.009152048810926992,0.0055074744295830055,0.00024783147459727387,0.0,0.0,0.01435778036476523,0.025367156208277702,0.003492229788720098,0.04387964440392068,0.01226158038147139,0.1664082451659978,0.0061399548532731375,0.0018685767673621925,0.01990498034076016,0.01190784364483562,0.02027818448023426,0.012612479716772386,0.022032374100719423,0.004634911580148317,0.011074918566775244,0.015547651351252245,0.0006416940723510066,0.01965269834667776,0.003000044776787713,0.004898389811349192,0.014280614066404856,0.004463178775105381,0.0021376221498371336,0.01089676325772863,0.011080159003411687,0.0003947832217130772,0.0001967729240456513,0.014564247122386657,0.017212945784374357,0.025657681065280935,0.005092946269416858,0.01882092443952394,0.000612691466083151,0.01069964566108525,0.0068051575931232094,0.006286379511059371,0.009798186604270254,0.007805786307648238,0.008378396421656987,0.004062038404726735,0.01632169704458861,0.014925373134328358,0.00281195079086116,0.001344617574942656,0.0470065481758653,0.016944243301955104,0.0006301693580149665,0.0007874015748031496,0.003447426742181729,0.009439899307740718,0.0,0.03870183963901423,0.020928178297207313,0.005652173913043478,0.015358361774744027,0.0013665869490946361,0.007228158390949088,0.00010679196924391286,0.03481624758220503,0.0,0.0024024521580647833,0.0212606770995698,0.0025967602324718686,0.010355293697554007,0.004790940766550522,0.0,0.0019158756422537665,0.011182231819233439,0.013681443422153184,0.002604553022435422,0.010552147239263805,0.013784367781834438,0.00150093808630394,0.0013901760889712697,0.03129802990079642,0.008765976699468386
Bacteria,Firmicutes,Bacilli,Lactobacillales,Lactobacillaceae,Lactobacillus,Lactobacillus iners,0.0,5.0666261336575975e-05,0.0,0.00014163637222038618,0.0,0.0,0.0,0.0,0.0,0.0,0.0,0.0,0.0,0.0003570153516601214,0.0006538796861377507,0.0,6.933370311308327e-05,0.0,0.0,0.0,0.0,0.00019402405898331392,0.0,0.0,0.00011397310234784591,0.00020435967302452317,0.0,0.0,0.0,0.0,0.0,0.00029282576866764275,0.0,0.0,0.0,0.0,7.333797807194455e-05,0.0,0.00015597379640220442,4.477678771324945e-05,0.0,0.0,0.0,0.0,0.0,0.0,0.0,0.0,0.0,5.1535765821480104e-05,0.00016239038648911984,0.0,0.0,0.0,0.0,0.0,0.0,0.0,0.0,0.0,0.0,0.0,0.0,0.0,0.0,0.0,0.0,0.0,0.0,0.0,0.0,0.0,0.0003471017007983339,0.0,0.0,0.0,0.0,0.0,0.0,0.0,0.0,0.0,0.0,0.0,0.0,0.0,0.0,0.0,0.0,0.0,0.0,0.0,0.0,0.0,0.0,0.0001397233477714126,0.0
Bacteria,Firmicutes,Bacilli,Lactobacillales,Lactobacillaceae,Pediococcus,,0.0,0.0,0.0,0.0,0.0,0.0,0.0,0.0,0.0,0.0,0.0,0.0,0.0,0.0,0.0,0.0,0.0,0.0,0.0,0.0,0.0,0.0,0.0,0.0,0.0,0.0,0.0,0.0,0.0,0.0,0.0,0.0,0.0,0.0,0.0,0.0,0.0,0.0,0.0,0.0,0.0,0.0,0.0,0.0,0.0,0.0,0.0,0.0,0.0,0.0,0.0,0.0,0.0,0.0,0.0,0.0,0.0,0.0,0.0,0.0,0.0,0.0,0.0,0.0,0.0,0.0,0.0,0.0,0.0,0.0,0.0,0.0,0.0,0.0,0.0,0.0,0.0,0.0,0.0,0.0,0.0,0.0,0.0,0.0,0.0,0.0,0.0,0.0,0.0,0.0,0.0,0.00016359918200408997,0.0,0.0,0.0,0.0,0.0
Bacteria,Firmicutes,Bacilli,Lactobacillales,Streptococcaceae,Lactococcus,,0.0,0.0,0.0,0.0,0.0,0.0,0.0,0.0,0.0,0.0,0.0,0.0,0.0,0.0,0.0,0.0,0.0,0.0,0.0,0.0,0.0,0.0,0.0,0.0,0.0,0.0,9.120758847136082e-05,0.0,0.0,0.0,0.0,0.0,0.0,0.0,0.0,0.0,0.0,0.0,0.0,0.0,0.0,0.0,0.0,0.0,0.0,0.0,0.0,0.0,0.0,0.0,0.0,0.0,0.0,0.0,0.0,0.0,0.0,0.0,0.0,0.0,0.0,0.0,0.0,0.0,0.0,0.0,0.0,0.0,0.0,0.0,0.0,0.0,0.0,0.0,0.0,0.0,0.0,0.0,0.0,0.0,0.0,0.0,0.0,0.0,0.0,0.0,0.0,0.0,0.0,0.0,0.0,0.0,0.0,0.0,0.0,0.0,0.0
Bacteria,Firmicutes,Bacilli,Lactobacillales,Streptococcaceae,Streptococcus,,0.0,0.0,0.0,0.0,0.0,0.0,4.8786437370411024e-05,0.0023097311624384704,0.0,0.0,0.0,0.0,0.0,0.0,0.0,0.0,0.0011786729529224156,0.0,0.0,0.00027364772416309404,0.0,0.0,0.0005933837709538644,0.0,0.0,0.0,0.1005563662896753,0.0,0.0,0.0,0.0,0.0,0.0,0.0,0.0,0.0,0.0,0.0,0.0005719039201414162,0.0,0.0,0.0,0.0,0.0,0.0,0.0,0.0,0.0,0.0,0.0,0.001948684637869438,0.0001697648756472286,0.0,0.0,0.0,0.0,0.0,0.0,0.0,0.0,0.0,0.0,0.005166475315729047,0.0,0.0,0.0,0.0,0.0006695549428909019,0.0,0.0,0.0011687494381012317,0.0,0.0,0.0,0.002173913043478261,0.0015752165922814387,0.0,0.0,0.0,0.0,0.0,0.0,0.0,0.0001854828737479906,0.0,0.0,0.0,0.0,0.0,0.0,0.00121985394721659,0.0,0.0,0.0,0.0,0.0,0.0
Bacteria,Firmicutes,Bacilli,Lactobacillales,Streptococcaceae,Streptococcus,Streptococcus agalactiae,0.0,0.0,0.0,0.0,0.0,0.0,0.0,0.00015145778114350624,0.0,0.0,0.0,0.0,0.0,0.0,0.0,0.0,0.0,0.0,0.0,0.0,0.0,0.0,0.0,0.0,0.0,0.0,0.0,0.0,0.0,0.0,0.0,0.0,0.0,0.0,0.0,0.0,0.0,0.0,0.0,0.0,0.0,0.0,0.0,0.0,0.0,0.0,0.0,0.0,0.0,0.0,0.0,0.0,0.0,0.0,0.0,0.0,0.0,0.0,0.0,0.0,0.0,0.0,0.0,0.0,0.0,0.0,0.0,0.0,0.0,0.0,0.0,0.0,0.0,0.0,0.0,0.0,0.0,0.0,0.0,0.0,0.0,0.0,0.0,0.0,0.0,0.0,0.0,0.0,0.0,0.0,0.0,0.0,0.0,0.0,0.0,0.0,0.0
Bacteria,Firmicutes,Bacilli,Mycoplasmatales,Mycoplasmataceae,Mycoplasma,,0.0,0.0,0.0,0.0,0.0,0.0,0.0,0.0,0.0,0.0,0.0,0.0,0.0012993340912782199,0.0,0.0015257192676547515,0.0,0.0,0.0,0.0,0.0,0.0,0.0,0.0,0.0,0.0,0.0,0.00013681138270704122,0.0,0.0,0.0,0.000388299249288118,0.0,0.0,0.003147482014388489,0.0,0.0,0.0,0.0,0.00031194759280440883,0.0,0.0,0.0,0.0,0.0,0.0,0.0,0.0,0.0,0.0,0.0,0.0,0.0,0.0,0.0,0.0,0.0005372492836676218,0.0,0.0,0.0,0.0,0.0,0.0,0.0,0.00140597539543058,0.0,0.0,0.0,0.0,0.0,0.0,0.0,0.0008650519031141869,0.0,0.0,0.0,0.0,0.0017082336863682953,0.0,0.0,0.0,0.0,0.0,0.0,0.0003709657474959812,0.0,0.0,0.0,0.0,0.0,0.0,0.0,0.0,0.0,0.0,0.0,0.0,0.0
Bacteria,Firmicutes,Bacilli,Mycoplasmatales,Mycoplasmataceae,Mycoplasma,Mycoplasma hominis,0.0,0.0,0.0,0.0,0.0,0.0,0.0,0.0,0.0,0.0,0.0,0.0,0.0,0.0,0.00043591979075850045,0.0,0.0,0.0,0.0,0.0,0.0,0.0,0.0,0.0,0.0,0.0,0.0,0.0,0.0,0.0,0.0,0.0,0.0,0.0,0.0,0.0,0.0,0.0,0.0,0.0,0.0,0.0,0.0,0.0,0.0,0.0,0.0,0.0,0.0,0.0,0.0,0.0,0.0,0.0,0.0,0.0,0.0,0.0,0.0,0.0,0.0,0.0,0.0,0.0,0.0,0.0,0.0,0.0,0.0,0.0,0.0,0.0,0.0,0.0,0.0,0.0,0.0,0.0,0.0,0.0,0.0,0.0,0.0,0.0,0.0,0.0,0.0,0.0,0.0,0.0,0.0,0.0,0.0,0.0,0.0,0.0,0.0
Bacteria,Firmicutes,Bacilli,Mycoplasmatales,Mycoplasmataceae,Ureaplasma,,0.0,0.0005573288747023357,0.0,0.0,0.0,0.0,9.757287474082205e-05,0.0001893222264293828,0.0,0.0,0.0,0.0,0.0,0.0007140307033202428,0.0,0.00016922621314041544,0.0,0.0,0.0,0.0,0.0003412386964681795,0.0,0.0,0.0,0.0,0.0010899182561307902,0.0,0.0,0.0,0.000327653997378768,0.0,0.00043923865300146415,0.0002950287653046172,0.0,0.0,0.0,0.0002933519122877782,0.00016042351808775166,0.0,0.0,0.0,0.0007140307033202428,0.0,0.0,0.0,0.00012519953676171398,0.0,0.0,0.00042283298097251583,0.00020614306328592042,0.0,0.0007639419404125286,0.0,0.0,0.0,0.0,0.0,0.0,0.0,0.0,9.231905465288036e-05,0.00030892801977139327,0.0,0.0,0.0,0.0026894293732460245,0.0,0.0,0.0,0.0,0.0,0.0,0.0,0.0,0.0,0.00039380414807035967,0.0,0.0,0.0,0.0,0.0,0.0,0.0,0.0,0.0,0.00029036004645760743,0.0,0.0,0.0,0.0,6.593805120089676e-05,0.001226993865030675,0.0,0.0,0.0,0.0002095850216571189,0.00028277344191833504
Bacteria,Firmicutes,Bacilli,Paenibacillales,Paenibacillaceae,Paenibacillus,,0.0,0.0,0.0,0.0,0.0,0.0,0.0,0.0,0.0,0.0,0.0,0.0,0.0,0.0,0.0,0.0,0.0,0.0,0.0,0.0,0.0,0.0,0.0,0.0,0.0,0.0,0.09266690988690258,0.0,0.0,0.0,0.0,0.0,0.0,0.0,0.0,0.0,0.0,0.0,0.0,0.0,0.0,0.0,0.0,0.0,0.0,0.0,0.0,0.0,0.0,0.0,0.0,0.0,0.0,0.0,0.0,0.0,0.0,0.0,0.0,0.0,0.0,0.0,0.0,0.0,0.0,0.0,0.0,0.0,0.0,0.0,0.0,0.0,0.0,0.0,0.0,0.0,0.0,0.0,0.0,0.0,0.0,0.0,0.0,0.0,0.0,0.0,0.0,0.0,0.0,0.0,0.0,0.0,0.0,0.0,0.0,0.0,0.0
Bacteria,Firmicutes,Bacilli,Staphylococcales,Gemellaceae,Gemella,,0.0,0.0,0.0,0.0,0.0,0.0,0.0,0.0,0.0,0.0,0.0,0.0,0.0,0.0,0.0,0.0,0.0,0.0,0.0,0.0,0.0,0.0,0.0,0.0,0.0,0.0,0.0,0.0,0.0,0.0,0.0,0.0,0.0,0.0,0.0,0.0,0.0,0.0,0.0,0.0,0.0,0.0,0.0,0.0,0.0,0.0,0.0,0.0,0.0,0.0,0.0,0.0,0.0,0.0,0.0,0.0,0.0,0.0,0.0,0.0,0.0,0.0,0.0,0.0,0.00015819030293443012,0.0,0.0,0.0,0.0,0.0,0.0,0.0,0.0,0.0,0.0,0.0,0.0,0.0,0.0,0.0,0.0,0.0,0.0,0.0,0.0,0.0,0.0,0.0,0.0,0.0,0.0,0.0,0.0,0.0,0.0,0.0,0.0
Bacteria,Firmicutes,Bacilli,Staphylococcales,Staphylococcaceae,,,0.0,0.0,0.0,0.0,0.0,0.0,0.0,0.0,0.0,0.0,0.0,0.0,0.0,0.0,0.0,0.0,0.0,0.0,0.0,0.00018243181610872936,0.0,0.0,0.0,0.0,0.0,0.0,0.0,0.0,0.0,0.0,0.0,0.0,0.0,0.0,0.0,0.0,0.0,0.0,0.0,0.0,0.0,0.0,0.0,0.0,0.0,0.0,0.0,0.0,0.0,0.0,0.0,0.0,0.0,0.0,0.0,0.0,0.0,0.0,0.0,0.0,0.0,0.0,0.0,0.0,0.0,0.0,0.0,0.0,0.0,0.0,0.0,0.0,0.0,0.0,0.0,0.0,0.0,0.0,0.0,0.0,0.0,0.0,0.0,0.0,0.0,0.0,0.0,0.0,0.0,0.0,0.0,0.0,0.0,0.0,0.0,0.0,0.0
Bacteria,Firmicutes,Bacilli,Staphylococcales,Staphylococcaceae,Aliicoccus,,0.0,0.0,0.0,0.0,0.0,0.0,0.0,0.0,0.0,0.0,0.0,0.0,0.0,0.0,0.0,0.0,0.0,0.0,0.0,0.0,0.0,0.0,0.0,0.0,0.0,0.0,0.0,0.0,0.0,0.0,0.0,0.0,0.0,0.0,0.0,0.0,0.0,0.0,0.0,0.0,0.0,0.0,0.0,0.0,0.0,0.0,0.0,0.0,0.0,0.0,0.0,0.0,0.0,0.0,0.0,0.0,0.0,0.0,0.0,0.0,0.0,0.0,0.0,0.0,0.0,0.0,0.0,0.0,0.0,0.0,0.0,0.0,0.0,0.0,0.0,0.0,0.0,0.0,0.0,0.0,0.0,0.0,0.0,0.0,0.0,0.0,0.0,0.0,0.0,0.0,0.0,0.0,0.0,0.0,0.0,0.0,0.0006221015722203371
Bacteria,Firmicutes,Bacilli,Staphylococcales,Staphylococcaceae,Staphylococcus,,0.0,0.0,0.0,0.0,0.0,0.0,0.0,0.0,0.0,0.0,0.0,0.0,0.0,0.0,0.0,0.0,0.0,0.0,0.0,0.0,0.0,0.0,0.0,0.0,0.0,0.0,0.0,0.0,0.0,0.0,0.0,0.0,0.0,0.0,0.0,0.0,0.0,0.0,0.0,0.0,0.0,0.0,0.0,0.0,0.0,0.0,0.0,0.0,0.0,0.0,0.0,0.0,0.0,0.0,0.0,0.0,0.0,0.0,0.0,0.0,0.0,0.0,0.0,0.0,0.0,0.0,0.0,0.0,0.0,0.0,0.0,0.0,0.0,0.0,0.0,0.0,0.0,0.000251414204902577,0.0,0.0,0.0,0.0,0.0,0.0,0.0,0.0,0.0,0.0,0.0,0.0,0.0,0.0,0.0,0.0,0.0,0.0,0.0009614297025223391
Bacteria,Firmicutes,Clostridia,Clostridia UCG-014,,,,0.0,0.0,0.0,0.0,0.0,0.0,0.0,0.0,0.0,0.0,0.0,0.0,0.0,0.0,0.0,0.0,0.00013866740622616653,0.0,0.0,0.0,0.0,0.0,0.0,0.0,0.0,0.0,0.0,0.0,0.0,0.0,0.0,0.0,0.0,0.0,0.0,0.0,0.0,0.0,0.0,0.0,0.0,0.0,0.0,0.0,0.0,0.0,0.0,0.0,0.0,0.0,0.0,0.0,0.0,0.0,0.0,0.0,0.0,0.0,0.0,0.0,0.0,0.0,0.0,0.0,0.0,0.0,0.0,0.0,0.0,0.0,0.0,0.0,0.0,0.0,0.0,0.0,0.0,0.0,0.0,0.0,0.0,0.0,0.0,0.0,0.0,0.0,0.0,0.0,0.0,0.0,0.0,0.0,0.0,0.0,0.0,0.0,0.0
Bacteria,Firmicutes,Clostridia,Hungateiclostridiaceae,Fastidiosipila,,,0.0,0.0,0.0,0.0,0.0024855012427506215,0.0,0.0,0.0,0.0006630566913471102,0.0,0.0,0.0,0.0,0.0,0.0006538796861377507,0.0,0.0,0.0,0.0,0.0004560795402718234,0.0,0.0,0.0,0.0,0.0,0.0,0.0,0.0,0.0,0.0,0.0,0.0,0.0,0.0,0.0,0.0,0.0,0.0,0.0,0.0,0.0,0.0,0.0,0.0,0.0,0.0,0.0,0.00030921459492888067,0.0,0.0,0.0,0.0,0.0,0.0,0.0,0.0,0.001629802095459837,0.0,0.0,0.0,0.0,0.0,0.0,0.02249560632688928,0.0,0.0,0.0,0.0,0.0010498687664041995,0.0,0.0,0.0,0.0,0.0,0.0,0.0,0.0,0.0,0.00021358393848782572,0.0,0.0,0.0,0.0,0.0,0.0,0.0,0.0,0.0026125576939824086,0.0,0.0,0.0,0.0,0.0,0.0,0.0,0.0,0.0
Bacteria,Firmicutes,Clostridia,Hungateiclostridiaceae,Mageibacillus,,,0.0,0.0,0.0038035961272475795,0.0,0.0,0.0,0.0,0.0,0.0,0.0,0.0,0.0,0.0,0.0,0.0,0.0,0.0,0.0,0.0,0.0,0.0,0.0,0.0,0.0,0.0,0.0,0.0,0.0,0.0,0.0,0.0,0.0,0.0,0.0,0.0,0.0,0.0,0.0,0.0,0.0,0.0,0.0,0.0,0.0,0.0,0.0,0.0,0.0,0.0,0.0,0.0,0.0,0.0,0.0,0.0,0.0,0.0,0.0,0.0,0.0,0.0,0.0,0.0,0.003866432337434095,0.0,0.0,0.0,0.0,0.0,0.0,0.0,0.0,0.0,0.0,0.0,0.0,0.0,0.0,0.0,0.0,0.0,0.0,0.0,0.0,0.0,0.0,0.0,0.0,0.0,0.0,0.0,0.0,0.0,0.0,0.0,0.0,0.0
Bacteria,Firmicutes,Clostridia,Lachnospirales,Lachnospiraceae,Catonella,,0.0,0.0,0.0,0.0,0.0,0.0,0.0,0.0,0.0,0.0,0.0,0.0,0.0,0.0,0.0,0.0,0.0,0.0,0.0,0.0,0.0,0.0,0.0,0.0,0.0,0.0,0.0,0.0,0.0,0.0,0.0,0.0,0.0,0.0,0.0,0.0,0.0,0.0,0.0,0.0,0.0,0.0,0.0,0.0,0.0,0.0,0.0,0.0,0.0,0.0,0.0,0.0,0.0,0.0,0.0,0.0,0.0,0.0,0.0,0.0,0.0,0.0,0.0,0.0,0.0,0.0,0.0,0.0,0.0,0.0,0.0,0.0,0.0,0.0,0.0,0.0,0.0,0.0,0.0,0.0,0.0,0.0,0.0,0.0,0.0,0.0,0.0,0.0,0.0,0.0,0.0,0.0,0.0,0.014446529080675423,0.0,0.0,0.0
Bacteria,Firmicutes,Clostridia,Lachnospirales,Lachnospiraceae,Howardella,,0.0,0.0,0.0,0.0,0.0,0.0,0.0,0.0,0.0,0.0,0.0,0.0,0.0,0.0,0.0,0.0,0.0,0.0,0.0,0.0,0.0,0.0,0.0,0.0,0.0,0.0,0.0,0.0,0.0,0.0,0.0,0.0,0.0,0.0,0.0,0.0,0.0,0.0,0.0,0.0,0.0,0.0,0.0,0.0,0.0,0.0,0.0,0.0,0.0,0.0,0.0,0.0,0.0,0.0,0.0,0.0,0.0,0.0,0.0,0.0,0.0,0.0,0.0,0.0,0.0,0.0,0.0,0.0,0.0,0.0,0.0005394228175851838,0.0,0.0,0.0,0.0,0.0,0.0,0.0,0.0,0.0,0.0,0.0,0.0,0.0,0.0,0.0,0.0,0.0,0.0,0.0,0.0,0.0,0.0,0.0,0.0,0.0,0.0
Bacteria,Firmicutes,Clostridia,Lachnospirales,Lachnospiraceae,Shuttleworthia,,0.0,0.0,0.008298755186721992,0.0,0.0,0.0,0.0,0.0,0.01613437948944635,0.0,0.0,0.0,0.0,0.0,0.054707933740191804,0.0,0.0,0.0,0.0,0.0,0.0,0.0,0.0,0.0,0.0,0.0,0.0009576796789492886,0.0,0.0,0.0,0.0,0.0,0.0,0.043615107913669064,0.0,0.0,0.0,0.0,0.0,0.0,0.0,0.0,0.0,0.0,0.0,0.0,0.0,0.0,0.0,0.0,0.0,0.0,0.04068641018544146,0.0,0.0,0.0,0.019324796274738067,0.0,0.0,0.0,0.0,0.0,0.0,0.0,0.0,0.0,0.0,0.0,0.0,0.0,0.0,0.0,0.0,0.0,0.0,0.0,0.0,0.0,0.0,0.0,0.0,0.0,0.0,0.0,0.0,0.0,0.0,0.0,0.0,0.0,0.0,0.0,0.0,0.0,0.0,0.0,0.0
Bacteria,Firmicutes,Clostridia,Peptostreptococcales-Tissierellales,Anaerococcus,,,0.0,0.0,0.0,0.0,0.0,0.0,0.0,0.0,0.0,0.0,0.0,0.0,0.0,0.0,0.0,0.0,0.0,0.0,0.0,0.0,0.0,0.0,0.0,0.0,0.0,0.0,0.0,0.0,0.0,0.0,0.0,0.0,0.0,0.0,0.0,0.00043431053203040176,0.0,0.0,0.0,0.0,0.0,0.0,0.0,0.0,0.0,0.0,0.0,0.0,0.0,0.0,0.0,0.0,0.0,0.0,0.0,0.0,0.0,0.0,0.0,0.0,0.0,0.0,0.0,0.0,0.0,0.0,0.0,0.0,0.0,0.0,0.0,0.0,0.0,0.0,0.0,0.0,0.0,0.0,0.0,0.0,0.0,0.0,0.0003117401334247771,0.0,0.0,0.0,0.0,0.0,0.0,0.0,0.0,0.0,0.0,0.0,0.0,0.0,0.0
Bacteria,Firmicutes,Clostridia,Peptostreptococcales-Tissierellales,Ezakiella,,,0.0,0.0,0.0,0.0,0.0,0.0,0.0,0.0,0.0,0.0,0.0,0.0,0.0,0.0,0.0,0.0,0.0,0.0,0.0,0.0,0.0,0.0,0.0,0.0,0.0,0.0,0.0,0.0,0.0,0.0,0.0,0.0,0.0,0.0,0.0,0.0,0.0,0.0,0.0,0.0,0.0,0.0,0.0,0.0,0.0,0.0,0.0,0.0,0.0,0.0,0.0,0.0,0.0008303349017437033,0.0,0.0,0.0,0.0,0.0,0.0,0.0,0.0,0.0,0.0,0.0,0.0,0.0,0.0,0.0,0.0,0.0,0.0,0.0,0.0,0.0,0.0,0.0,0.0,0.0,0.0,0.0,0.0,0.0,0.0,0.0,0.0,0.0,0.0,0.0,0.0,0.0,0.0,0.0,0.0,0.0,0.0,0.0,0.0
Bacteria,Firmicutes,Clostridia,Peptostreptococcales-Tissierellales,Helcococcus,,,0.0,0.0,0.0,0.0,0.0,0.0,0.0,0.0,0.0,0.0,0.0,0.0,0.0,0.0,0.0,0.0,0.0,0.0,0.0,0.0,0.0,0.0,0.0,0.0,0.0,0.0,0.0,0.0,0.0,0.0,0.0,0.0,0.0,0.0,0.0,0.0,0.0,0.0,0.0,0.0,0.0,0.0,0.0,0.0,0.0,0.0,0.0,0.0,0.0,0.0,0.0,0.0,0.0,0.0,0.0,0.0,0.0,0.0,0.0,0.0,0.0,0.0,0.0,0.0,0.0,0.0,0.0,0.0,0.0,0.0,0.0,0.0,0.0,0.0,0.0,0.0,0.0,0.0,0.0,0.0,0.0,0.0,0.00012469605336991085,0.0,0.0,0.0,0.0,0.0,0.0,0.0,0.0,0.0,0.0,0.0,0.0,0.0,0.0
Bacteria,Firmicutes,Clostridia,Peptostreptococcales-Tissierellales,Peptoniphilus,,,0.0,0.0,0.001037344398340249,0.0,0.0,0.0,0.0,0.0,0.0,0.0011179429849077697,0.0,0.0,0.0,0.0,0.0,0.0,0.0,0.0,0.0,0.0,0.0,0.0031043849437330227,0.0,0.0,0.0,0.0,0.0,0.0,0.0,0.0,0.0,0.0,0.0,0.0,0.0,0.0,0.0,0.0,0.0,0.0,0.0,0.0,0.0,0.0,0.0,0.0,0.0,5.6220835441614665e-05,0.0,0.0,0.0,0.0,0.0,0.0,0.0,0.0,0.0,0.0,0.0,0.0,0.0,0.0,0.0,0.0,0.0018982836352131613,0.0,0.0,0.0,0.0,0.0,0.0,0.0,0.0,0.0,0.0,0.0,0.0,0.0,0.0,0.0,0.0,0.0,0.0,0.0,0.0,0.0,0.0,0.0,0.0,0.0,0.0,0.0,0.0,0.0,0.0,0.0,0.0
Bacteria,Firmicutes,Clostridia,Peptostreptococcales-Tissierellales,Peptostreptococcaceae,Peptostreptococcus,,0.0015025041736227045,0.0,0.0013831258644536654,0.0,0.0,0.0,0.0,0.0,0.0,0.0,0.0,0.0,0.0,0.0,0.0,0.0,0.0,0.0,0.0,0.0,0.0002559290223511346,0.0,0.0,0.0,0.0,0.0,0.0,0.0,0.002699055330634278,0.0,0.0,0.0,0.0,0.0,0.0,0.0,0.0,0.0,0.0,0.0,0.0,0.018921813637986434,0.0,0.0,0.0,0.0,0.0,0.0,0.0,0.0,0.0,0.0,0.0,0.0,0.0,0.0,0.0,0.0,0.0,0.0,0.0,0.0,0.0,0.0,0.001265522423475441,0.0,0.0,0.0,0.0,0.0,0.0,0.0,0.0,0.0,0.0,0.0,0.0,0.0,0.0,0.0,0.0,0.0,0.0,0.0014838629899839248,0.0,0.0005807200929152149,0.0,0.0,0.0,0.0,0.00011539158960156933,0.0,0.0,0.0,0.0,0.0,0.0
Bacteria,Firmicutes,Negativicutes,Veillonellales-Selenomonadales,,,,0.0,0.0,0.0,0.0,0.0,0.0,0.0,0.0,0.0,0.0,0.0,0.0,0.0,0.0,0.0,0.0,0.0,0.0,0.0,0.0,0.0,0.0,0.0,0.0,0.0,0.0,0.0,0.0,0.0,0.0,0.0,0.0,0.0,0.0,0.0,0.0,0.0,0.0,0.0,0.0,0.0,0.0,0.0,0.0,0.0,0.0,9.86958054282693e-05,0.0,0.0,0.0,0.0,0.0,0.0,0.0,0.0,0.0,0.0,0.0,0.0,0.0,0.0,0.0,0.000574052812858783,0.0,0.0,0.0,0.0,0.0,0.0,0.0,0.0,0.0,0.0,0.0,0.0,0.0,0.0,0.0,0.0,0.0,0.0,0.0,0.0,0.0,0.0,0.0,0.0,0.0,0.0,0.0,0.0,0.0,0.0,0.0,0.0,0.0,0.0
Bacteria,Firmicutes,Negativicutes,Veillonellales-Selenomonadales,Veillonellaceae,,,0.0,0.0,0.001037344398340249,0.0,0.0,0.0,0.0,0.0,0.00011050944855785169,0.0,0.0,0.0,0.00032483352281955497,0.0,0.0,0.0,0.0,0.0,0.0,0.0,0.0,0.0,0.0,0.0,0.0,0.0,0.0,0.0,0.00020761964081802137,0.0,0.0,0.0,0.0,0.0,0.0,0.0006514657980456026,0.0,0.0,0.0,0.0,0.0,0.0,0.0,0.0,0.0,0.0,4.229820232640113e-05,0.0,0.0,0.0,0.0,0.0,0.0,0.0,0.0,0.0,0.0,0.0,0.0,0.0,0.0,0.0,0.001148105625717566,0.00070298769771529,0.00023728545440164517,0.0,0.0,0.0,0.0,0.0,0.0,0.0,0.0,0.0,0.0,0.0,0.0,0.0,0.0,0.0,0.0,0.00016568635572860574,0.0,0.0,0.0,0.0,0.0,0.0,0.0,5.97442944198829e-05,0.0,0.0,0.0,0.0,0.0,0.0,0.0
Bacteria,Firmicutes,Negativicutes,Veillonellales-Selenomonadales,Veillonellaceae,Dialister,,0.0,0.0,0.0,0.0,0.0,0.0,0.0,0.0,0.0,0.0,0.0,0.0,0.0,0.0,0.0,0.0,0.0,0.0,0.0,0.0,0.0,0.0,0.0,0.0,0.0,0.0,0.0,0.0,0.0,0.0,0.0,0.0,0.0,0.0,0.0,0.0013029315960912053,0.0,0.0,0.0,0.0,0.0,0.0,0.0,0.0,0.0,0.0,0.0,0.0,0.0,0.0,0.0,0.0,0.0,0.0,0.0,0.0,0.001629802095459837,0.0,0.0,0.0,0.0,0.0,0.0,0.0,0.0,0.0,0.0,0.0,0.0,0.0,0.0,0.0,0.0,0.0,0.0,0.0,0.0,0.0,0.0,0.0,0.0,0.0,0.0,0.0,0.0,0.0,0.0,0.0,0.0,0.0,0.0,0.0,0.0,0.0,0.0,0.0,0.0
Bacteria,Firmicutes,Negativicutes,Veillonellales-Selenomonadales,Veillonellaceae,Megasphaera,,0.0,0.0,0.001037344398340249,0.0,0.0,0.0,0.0,0.0,0.00044203779423140677,0.0,0.0,0.0,0.0,0.0,0.0,0.0,0.0,0.0,0.0,0.0,0.0,0.0,0.0,0.0,0.0,0.0,0.0008208682962422473,9.029345372460496e-05,0.0,0.0,0.0005177323323841574,0.0,0.0,0.0,0.00042783799201369084,0.0,0.0,0.0,0.0,0.0,0.0,0.0,0.0,0.0,0.00024215029461619177,0.0,0.0,0.0,0.0,0.0,0.0,0.0,0.0016606698034874066,0.0,0.0002779128743139026,0.0,0.0,0.0,0.0,0.0,0.00046159527326440175,0.0,0.0,0.0,0.0,0.0,0.0,0.0,0.0,0.0,0.0,0.0,0.0,0.0,0.0,0.0,0.0,0.0,0.0,0.0038684719535783366,0.0,0.0,0.0,0.0,0.0,0.0,0.003546761246966586,0.0,0.0,0.0007766758274584777,0.0,0.0,0.0,0.0,0.0,0.0,0.0
Bacteria,Firmicutes,Negativicutes,Veillonellales-Selenomonadales,Veillonellaceae,Negativicoccus,,0.0,0.0,0.0,0.0,0.0,0.0,0.0,0.0,0.0,0.0,0.0,0.0,0.0,0.0,0.0,0.0,0.0,0.0,0.0,0.0,0.0,0.0,0.0,0.0,0.0,0.0,0.0,0.0,0.0,0.0,0.0,0.0,0.0,0.0,0.0,0.0,0.0,0.0,0.0,0.0,0.0,0.0,0.0,0.0,0.0,0.0,0.0,0.0,0.0,0.0,0.0,0.0,0.0,0.0,0.0,0.0,0.0,0.0,0.0,0.0,0.0,0.0,0.0,0.0,0.0,0.0,0.0,0.0,0.0,0.0,0.0,0.0,0.0,0.0,0.0,0.0,0.0,0.0,0.0,0.0,0.0,0.0,0.00012469605336991085,0.0,0.0,0.0,0.0,0.0,0.0,0.0,0.0,0.0,0.0,0.0,0.0,0.0,0.0
Bacteria,Firmicutes,Negativicutes,Veillonellales-Selenomonadales,Veillonellaceae,Veillonella,,0.0005843071786310517,0.0,0.0,0.0,0.0,0.00023610892491736187,0.0,0.00011359333585762968,0.0,0.0,0.0004792715073088905,0.0,0.0,0.0,0.0,0.0,0.0,0.0,0.0,0.0,0.0010237160894045385,0.0,0.0017801513128615932,0.0,0.0,0.0,0.0,0.0,0.0,0.0,0.0,0.0,0.0,0.0,0.0,0.0,0.0,0.0013635999037458892,0.0,0.0,0.0,0.01035344519814352,0.0,0.0,0.0,0.0,0.0,0.0,0.0,0.0,0.0,0.0,0.0,0.0,0.0,0.0,0.0,0.0,0.0,6.676013084985647e-05,0.0,0.0,0.006314580941446613,0.0,0.0,0.0,0.0,0.0,0.0,0.0,0.0006293266205160479,0.004036908881199538,0.0,0.0,0.0013043478260869566,0.0,0.009224461906388794,0.0,0.0,0.0,0.0,0.0,0.0,0.0,0.0,0.0,0.0,0.0,0.0,0.0,0.0,0.0,0.0,0.0,0.0010426320667284523,0.0,0.0
Bacteria,Fusobacteriota,Fusobacteriia,Fusobacteriales,,,,0.0,0.0,0.0,0.0,0.0008285004142502071,0.0,0.0,0.0,0.0,0.0,0.00011981787682722263,0.0,0.0,0.0,0.0,0.0,0.0,0.0001966955153422502,0.0,0.0,0.0,0.0,0.0,0.0,0.0,0.0,0.0,0.0,0.0,0.0,0.0,0.0,0.0,0.0,0.0,0.0,0.0,0.0,0.0,0.0,0.0,0.0,0.0,0.0,0.0,0.0,0.0,0.0,0.0,0.0,0.0,0.0,0.0,0.0,0.0,0.0,0.0,0.0,0.0,0.0,0.0,0.0,0.0,0.0,0.0,0.0,0.0,0.0,0.0,0.00012312238364934746,0.0,0.0005767012687427913,0.0,0.0,0.0,0.0,0.0,0.0,0.0,0.0,0.0,0.0,0.0,0.0,0.0,0.0,0.0,0.0,0.0,0.0001792328832596487,0.0,0.0,0.0,0.0,0.0,0.0,0.0
Bacteria,Fusobacteriota,Fusobacteriia,Fusobacteriales,Fusobacteriaceae,,,0.0,0.0,0.0,0.0,0.0,0.0,0.0,0.0,0.0,0.0,0.0,0.0,0.0,0.0,0.0,0.0,0.0,0.0,0.0,0.0,0.0,0.0,0.0,0.0,0.0,0.0,0.0,0.0,0.0,0.0,0.0,0.0,0.0,0.0,0.0,0.0,0.0,0.0,0.0,0.0,0.0,0.0,0.0,0.0,0.0,0.0,0.0,0.0,0.0,0.0,0.0,0.0,0.0,0.0,0.0,0.0,0.0,0.0,0.0,0.0,0.0,0.0,0.0,0.0,0.0,0.0,0.0,0.0,0.0,0.0,0.0,0.0,0.0,0.0,0.0,0.0,0.0,0.0,0.0,0.0,0.0,0.0,0.0,0.0,0.0,0.0,0.0,0.0,0.0,0.0,0.0,0.0,0.0,0.000375234521575985,0.0,0.0,0.0
Bacteria,Fusobacteriota,Fusobacteriia,Fusobacteriales,Fusobacteriaceae,Fusobacterium,,0.0,0.0,0.001037344398340249,0.0,0.0,0.0,0.0,0.0,0.0,0.0,0.0,0.0,0.0,0.0,0.0,0.0,0.0,0.0,0.0,0.0,0.0,0.0,0.0,0.0,0.0,0.0,0.0019609631521342575,0.0,0.0,0.0,0.0,0.0,0.0,0.0,0.0,0.0,0.0,0.0,0.0,0.0,0.0,0.0,0.0,0.0,0.0,0.0,0.0,0.0,0.0,0.0,0.0,0.0,0.0,0.0,0.0,0.0,0.0,0.0,0.0,0.0,0.0,0.0,0.0,0.0,0.0,0.0,0.0,0.0,0.0,0.0,0.0,0.0,0.0,0.0,0.0,0.0,0.02152374444824052,0.0,0.0,0.0,0.0,0.0,0.0,0.0,0.0,0.0,0.0,0.0,0.0,0.0,0.0,0.0,0.0,0.05290806754221388,0.0,0.0,0.0
Bacteria,Fusobacteriota,Fusobacteriia,Fusobacteriales,Leptotrichiaceae,,,0.0,0.0,0.0,0.0,0.0,0.0,0.0,0.0,0.0,0.00013974287311347122,0.0,0.0,0.00016241676140977748,0.0,0.0,0.0,0.0,0.0001966955153422502,0.0,0.0,0.0,0.0,0.0,0.0,0.0,0.0,0.0,0.0,0.0,0.0,0.0,0.0,0.0,0.0,0.0,0.0,0.0,0.0,0.0,0.0,0.0,0.0,0.0,0.0,0.0,0.0,0.0,0.0,0.0,0.0,0.0,0.0,0.0,0.0,0.0,0.0,0.0,0.0,0.0,0.0,0.0,0.0,0.001722158438576349,0.0,0.00047457090880329033,0.0,0.0,0.0,0.0,0.0,0.0,0.0,0.0,0.0,0.0,0.0,0.0,0.0,0.0,0.0,0.0,0.0,0.0,0.0,0.0,0.0,0.0,0.0,0.0,0.0,0.0,0.0,0.0,0.0,0.0,0.0,0.0
Bacteria,Fusobacteriota,Fusobacteriia,Fusobacteriales,Leptotrichiaceae,Sneathia,,0.004590984974958264,0.0,0.03250345781466114,0.0,0.053852526926263466,0.0025971981740909806,0.0,0.0,0.019118134600508343,0.060089435438792624,0.07740234843038582,0.03582906796809904,0.031184018190677277,0.08282756158514816,0.0023975588491717526,0.0,0.00020800110933924982,0.052321007081038554,0.046096654275092935,0.0058378181154793395,0.0091281351305238,0.0,0.0,0.0,0.0,0.0,0.0029642466253192268,0.0,0.00020761964081802137,0.0,0.0002588661661920787,0.0,0.0,0.07014388489208633,0.0001426126640045636,0.0,0.0,0.0,0.0,0.0,0.0,0.0,0.0,0.0,0.0,0.0,0.0,0.005059875189745319,0.0,0.0016491445062873633,0.0,0.0,0.0,0.032472647702407,0.0004168693114708539,0.0,0.01629802095459837,0.0,0.0,0.0,0.0,0.0,0.2020665901262916,0.10896309314586995,0.01297160484062327,0.0,0.0,0.0,0.007086614173228346,0.026840679635557745,0.0,0.04008073817762399,0.0,0.0,0.0,0.0,0.027331738981892725,0.0,0.001975651431012388,0.16731141199226304,0.00012725236689402423,0.027421091873084252,0.0,0.006739211079510326,0.0,0.0,0.0,0.02682225899155273,0.0020050898434487547,0.003046959015414028,0.007566391375302903,0.0,0.0,0.0,0.010194624652455977,0.0,0.0
Bacteria,Fusobacteriota,Fusobacteriia,Fusobacteriales,Leptotrichiaceae,Sneathia,Sneathia amnii,0.0,0.0,0.0,0.0,0.0,0.0,0.0,0.0,0.0,0.0,0.0,0.0,0.0,0.0010710460549803642,0.0,0.0,0.0,0.0,0.0,0.0,0.0,0.0,0.0,0.0,0.0,0.0,0.0,0.0,0.0,0.0,0.0,0.0,0.0,0.0,0.0,0.0,0.0,0.0,0.0,0.0,0.0,0.0,0.0,0.0,0.0,0.0,0.0,0.0,0.0,0.0,0.0,0.0,0.0,0.0,0.0,0.0,0.0,0.0,0.0,0.0,0.0,0.0,0.0,0.000351493848857645,0.0,0.0,0.0,0.0,0.0,0.0,0.0,0.0005767012687427913,0.0,0.0,0.0,0.0,0.0,0.0,0.0,0.0,0.0,0.0,0.0,0.0,0.0,0.0,0.0,0.0,0.0,0.0,3.296902560044838e-05,0.0,0.0,0.0,0.0,0.0,0.0
Bacteria,Fusobacteriota,Fusobacteriia,Fusobacteriales,Leptotrichiaceae,Sneathia,Sneathia sanguinegens,0.0,0.0,0.0,0.0,0.0,0.0,0.0,0.0,0.0,0.0,0.0003594536304816679,0.0,0.0,0.0,0.0,0.0,0.0,0.0,0.0,0.0,0.0,0.0,0.0,0.0,0.0,0.0,0.0,0.0,0.0,0.0,0.0,0.0,0.0,0.0,0.0,0.0,0.0,0.0,0.0,0.0,0.0,0.0,0.0,0.0,0.0,0.0,0.0,0.0,0.0,0.0,0.0,0.0,0.0,0.0,0.0,0.0,0.0,0.0,0.0,0.0,0.0,0.0,0.0,0.0,0.0,0.0,0.0,0.0,0.0,0.0,0.0,0.0,0.0,0.0,0.0,0.0,0.0,0.0,0.0,0.0,0.0,0.0,0.0,6.182762458266353e-05,0.0,0.0,0.0,0.0,0.0,0.0,0.0,0.0,0.0,0.0,0.0,0.0,0.0
Bacteria,Myxococcota,Polyangia,Polyangiales,Polyangiaceae,Pajaroellobacter,,0.0,0.0,0.0,0.0,0.0,0.0,0.0,0.0,0.0,0.0,0.0,0.0,0.0,0.0,0.0,0.0,0.0,0.0,0.0,0.0,0.0,0.0,0.0,0.0,0.0,0.0,0.028684786574242976,0.0,0.0,0.0,0.0,0.0,0.0,0.0,0.0,0.0,0.0,0.0,0.0,0.0,0.0,0.0,0.0,0.0,0.0,0.0,0.0,0.0,0.0,0.0,0.0,0.0,0.0,0.0,0.0,0.0,0.0,0.0,0.0,0.0,0.0,0.0,0.0,0.0,0.0,0.0,0.0,0.0,0.0,0.0,0.0,0.0,0.0,0.0,0.0,0.0,0.0,0.0,0.0,0.0,0.0,0.0,0.0,0.0,0.0,0.0,0.0,0.0,0.0,0.0,0.0,0.0,0.0,0.0,0.0,0.0,0.0
Bacteria,Patescibacteria,Saccharimonadia,Saccharimonadales,,,,0.0,0.0,0.0,0.0,0.0,0.0,0.0,0.0,0.0,0.0,0.0,0.0,0.0,0.0,0.0,0.0,0.0,0.0,0.0,0.0,0.0,0.0,0.0,0.0,0.0,0.0,0.0,0.0,0.0,0.0,0.0,0.0,0.0,0.0,0.0,0.0,0.0,0.0,0.0,0.0,0.0,0.0,0.0,0.0,0.0,0.0,0.0,0.00011244167088322933,0.0,0.0,0.0,0.0,0.0027677830058123443,0.0,0.0,0.0,0.0,0.0,0.0,0.0,0.0,0.0,0.0,0.0,0.0,0.0,0.0,0.0,0.0,0.0,0.0,0.0,0.0,0.0,0.0,0.0,0.0,0.0,0.0,0.0,0.0,0.0,0.0,0.0,0.0,0.0,0.0,0.0,0.0,0.0,0.0,0.0,0.0,0.0,0.0,0.0,0.0
Bacteria,Proteobacteria,,,,,,0.09599332220367279,0.6570400770127173,0.6078838174273858,0.09395212690618951,0.5741507870753936,0.6396190776011333,0.7585559214538359,0.004316546762589928,0.022875455851475303,0.4023197316936836,0.4994009106158639,0.16474229258421616,0.551080071463375,0.46519100321313817,0.511333914559721,0.7108911170340285,0.6275393468765167,0.522816679779701,0.6827757125154895,0.014868193012861443,0.1347892851049309,0.6232052774544043,0.008900756564307966,0.5792736162039462,0.670845680419421,0.5041553133514987,0.42771798613644657,0.5911512415349887,0.571992110453649,0.7033093053735255,0.681206316334455,0.2396046852122987,0.18004130402714263,0.4680755395683453,0.6901026811180833,0.5424538545059717,0.7213156833266107,0.2061442207427609,0.6138608713736092,0.6982044508126987,0.4883317842698887,0.6401285255265976,0.02374163153979668,0.6091714169381107,0.07547017515537978,0.6496916961407243,0.08241099753260486,0.6907291842356778,0.0654451491660794,0.6836734693877551,0.13121143228320883,0.6333927510398099,0.29532244672017716,0.5456455142231947,0.6863058431181824,0.053724928366762174,0.36833527357392315,0.7487569464755777,0.5522772844457176,0.7420054743307297,0.7146418020679468,0.34352795798578933,0.04247990815154994,0.20949033391915642,0.023570355137230086,0.5519176800748363,0.7967414916727009,0.08487593540764081,0.1847769028871391,0.35471558729377,0.549222332104648,0.3881199538638985,0.7172856646997571,0.11952164163892097,0.19608695652173913,0.571934891047519,0.5558592415442433,0.6316781898177247,0.16296454506621103,0.21179883945841393,0.2546319861549425,0.7295998674509154,0.7093958476214228,0.062198590330159516,0.15300839135868594,0.6300813008130082,0.6453238753033415,0.7627797613863972,0.6440194339477134,0.34406739156410565,0.7119166543032821,0.8500613496932515,0.6904105506296103,0.23902439024390243,0.5602409638554217,0.47729495598714544,0.3238321456848773
Bacteria,Proteobacteria,Alphaproteobacteria,,,,,0.0,0.0,0.0,0.0,0.0,0.0,0.0001951457494816441,0.0,0.029063984970714996,0.0,0.0,0.0,0.00324833522819555,0.0,0.0,0.0,0.0,0.0,0.0,0.0,0.0,0.0,0.041240172081293575,0.0,0.0,0.0,0.0,0.00871331828442438,0.0,0.0,0.011519544395547502,0.0,0.0,0.047212230215827336,0.0,0.0,0.009460599171280847,0.0,0.0,0.0,0.011153256801225853,0.0,0.03644929333002728,0.01598127035830619,0.0,0.0,0.0,0.0,0.0,0.0,0.0,0.0,0.013008580127318018,0.0,0.0,0.027041547277936964,0.0,0.0,0.0,0.009847119300353828,0.0,0.0,0.0,0.0,0.035513723008779564,0.0,0.0,0.0,0.0,0.0,0.0,0.0,0.0,0.0,0.0,0.0,0.0,0.0377749842866122,0.0012281076463049978,0.0,0.00017815331365163392,0.015243144727031728,0.0004987842134796434,0.0,0.0,0.006678281068524971,0.0,0.0,0.0,0.0,0.0003296902560044838,0.0,0.0,0.0,0.0,0.0002794466955428252,0.0
Bacteria,Proteobacteria,Alphaproteobacteria,Rickettsiales,,,,0.16769616026711184,0.1103004509297259,0.0,0.4652282706198952,0.0,0.10931843223673855,0.008391267227710697,0.18587656190836804,0.0015471322798099238,0.17048630519843488,0.11095135394200814,0.03368646589691703,0.009907422445996426,0.0,0.10636442894507411,0.09046551310798043,0.09568051029605491,0.11369000786782062,0.012391573729863693,0.009668886253762657,0.1428083944719331,0.11854870003880481,0.013499480789200415,0.010738606600314301,0.0010257579211306132,0.0014305177111716622,0.0,0.006591422121896163,0.004775251738814492,0.0011467889908256881,0.0,0.042825768667642754,0.004204159905590795,0.0,0.1006845407872219,0.016938110749185668,0.010670675809467933,0.19475415095853052,0.0017677030258916502,0.10634487081896744,0.002888793991308498,0.0,0.13098189933052318,0.016337540716612378,0.43845346678505126,0.11008169269773702,0.2456397603101868,0.09043121380783718,0.20840967817712003,0.12085137085137085,0.03061058785319909,0.0011883541295306002,0.12233600885690561,0.11667396061269146,0.09612311540332105,0.10118194842406877,0.14062863795110594,0.00233986545773618,0.0,0.013886107216770145,0.0,0.17402945113788487,0.11997703788748565,0.024253075571177504,0.006485802420311635,0.0012862488306828812,0.009268645908761766,0.21461205198897204,0.16194225721784777,0.1377739473036198,0.03820911624561719,0.12081891580161476,0.0076362374175633465,0.04939865461710947,0.028695652173913042,0.1348122866894198,0.09053638537751965,0.010182275298554368,0.006033746262281077,0.0367504835589942,0.09213071363127354,0.0033965702924364178,0.005736018455015899,0.21064671695313467,0.1546152472772719,0.0027584204413472705,0.0,0.004702603849168336,0.009562736176447905,0.16620862707611422,0.019583601206666336,0.0035173824130879344,0.12771030474629314,0.03189493433395872,0.13056070435588507,0.0016766801732569512,0.18629114353579912
Bacteria,Proteobacteria,Alphaproteobacteria,Rickettsiales,Mitochondria,,,0.7245409015025042,0.21882758271267164,0.32987551867219916,0.42302063169822013,0.34217067108533555,0.24704863843853297,0.2247591169654836,0.802764104505869,0.9045198364460161,0.36584684181106764,0.30637431104720825,0.7647899059635758,0.39499756374857886,0.42020706890396287,0.3121185701830863,0.1981638955874265,0.2645080773764127,0.3021243115656963,0.25551425030978936,0.9676183526407005,0.7096911789796962,0.23321691889794335,0.903575137219997,0.39706652697747513,0.27820834283109186,0.4794959128065395,0.09056913535206129,0.3861399548532731,0.41627737984013286,0.2730996068152031,0.2879886098886876,0.6854319180087848,0.7974627526183803,0.3098021582733813,0.20379349686252138,0.4158523344191097,0.24186865168127314,0.5953316756236464,0.3623271290423209,0.19128643711100166,0.4908186590971891,0.3045340949660835,0.8008306471609223,0.3542345276872964,0.47001372185002827,0.22789445679050988,0.6708353894959465,0.21259908922246584,0.7104533709184871,0.17584003298289014,0.8103280285807081,0.35727018079959255,0.500691945751453,0.3035448577680525,0.2055513096644202,0.7992478510028653,0.44237485448195574,0.2388125182801989,0.4374820968203953,0.22301221710394553,0.2771418020679468,0.46328905365049944,0.6010332950631458,0.6003514938488577,0.9012101558174483,0.3954630495790458,0.17016654598117306,0.6990153603781016,0.637007874015748,0.476976114257572,0.3966555785309719,0.44434832756632064,0.23273169038528288,0.8079771692600394,0.7656521739130435,0.27474402730375425,0.28664161257259996,0.2963544940289126,0.8252883383169586,0.5415860735009671,0.6521683803318742,0.2129898102891227,0.2606770995697986,0.7129343390626932,0.6798785931083735,0.35031939605110335,0.3345155870823222,0.19907689628145955,0.33161101257037096,0.4674991038355837,0.252575705125035,0.1330879345603272,0.16600849415095745,0.6590994371482176,0.29529657089898054,0.4844208467234875,0.4732496323945255
Bacteria,Proteobacteria,Gammaproteobacteria,Beggiatoales,Beggiatoaceae,Candidatus Thiophysa,,0.0,0.0,0.0,0.0,0.0,0.0,0.0,0.0,0.0,0.0,0.0,0.0,0.0,0.0,0.0,0.0,0.0,0.0,0.0,0.0,0.0,0.0,0.0,0.0,0.0,0.0,0.0,0.0,0.0,0.0,0.0,0.0,0.0,0.0,0.0,0.0,0.0,0.0,0.0,0.0,0.0005777587982616996,0.0,0.0,0.0,0.0,0.0,0.0,0.0,0.0,0.0,0.0,0.0,0.0,0.0,0.0004168693114708539,0.0,0.0,0.0,0.0,0.0,0.0,0.0,0.0,0.0,0.0,0.0,0.0,0.0,0.0,0.0,0.0,0.0,0.0,0.0,0.0,0.0,0.0,0.0,0.0,0.0,0.0,0.0,0.0,0.0,0.0,0.0,0.0,0.0,0.0,0.0,0.0,0.0,0.0,0.0,0.0,0.0037725303898281403,0.0
Bacteria,Proteobacteria,Gammaproteobacteria,Burkholderiales,Aquaspirillaceae,,,0.0,0.0,0.0,0.0,0.0,0.0,0.0,0.0,0.0,0.0,0.0,0.0,0.0,0.0,0.0,0.0,0.0,0.0,0.0,0.0,0.0,0.0,0.0,0.0,0.0,0.0,0.0,0.0,0.0,0.0,0.0,0.0,0.0,0.0,0.0,0.0,0.0,0.0,0.0,0.0,0.0,0.0,0.0,0.0,0.0,0.0,0.0,0.0,0.0,0.0,0.0,0.0,0.0,0.0,0.0,0.0,0.0,0.0,0.0,0.0,0.0,0.0,0.0,0.0,0.0,0.0,0.0,0.0,0.0,0.0,0.0,0.0,0.0,0.0,0.0,0.0,0.0,0.0013827781269641734,0.0,0.0,0.0,0.0,0.0,0.0,0.0,0.0,0.0,0.0,0.0,0.0,0.0,0.0,0.0,0.0,0.0,0.0,0.0
Bacteria,Proteobacteria,Gammaproteobacteria,Burkholderiales,Comamonadaceae,Alicycliphilus,,0.0,0.0,0.0,0.0,0.0,0.0,0.0,0.0,0.0,0.0,0.0,0.0,0.0,0.0,0.0,0.0,0.0,0.0,0.0,0.0,0.0,0.0,0.0,0.0,0.0,0.0,0.07935060197008391,0.0,0.0,0.0,0.0,0.0,0.0,0.0,0.0,0.0,0.0,0.0,0.0,0.0,0.0,0.0,0.0,0.0,0.0,0.0,0.0,0.0,0.0,0.0,0.0,0.0,0.0,0.0,0.0,0.0,0.0,0.0,0.0,0.0,0.0,0.0,0.0,0.0,0.0,0.0,0.0,0.0,0.0,0.0,0.0,0.0,0.0,0.0,0.0,0.0,0.0,0.0,0.0,0.0,0.0,0.0,0.0,0.0,0.0,0.0,0.0,0.0,0.0,0.0,0.0,0.0,0.0,0.0,0.0,0.0,0.0
Bacteria,Proteobacteria,Gammaproteobacteria,Burkholderiales,Neisseriaceae,,,0.0,0.0,0.0,0.0,0.0,0.0,0.0,0.0,0.0,0.0,0.0,0.0,0.0,0.0,0.0,0.0,0.0,0.0,0.0,0.0,0.0,0.0,0.0,0.0,0.0,0.0,0.0,0.0,0.0,0.0,0.0,0.0,0.0,0.0,0.0,0.0,0.0,0.0,0.0,0.0,0.0,0.0,0.0,0.00020358306188925082,0.0,0.0,0.0,0.0,0.0,0.0,0.0,0.0,0.0,0.0,0.0,0.0,0.0,0.0,0.0,0.0,0.0,0.0,0.0,0.0,0.0,0.0,0.0,0.0,0.0,0.0,0.0,0.0,0.0,0.0,0.0,0.0,0.0,0.0,0.0,0.0,0.0,0.0,0.0,0.0,0.0,0.0,0.0,0.0,0.0,0.0,0.0,0.0,0.0,0.0,0.0,0.0,0.0
Bacteria,Proteobacteria,Gammaproteobacteria,Burkholderiales,Neisseriaceae,Neisseria,,0.0,0.0,0.0,0.00014163637222038618,0.0,0.0,0.0,0.0,0.0,0.0,0.0,0.0,0.0,0.0,0.0,0.0,0.0,0.0,0.0,0.0,0.0,0.0,0.0,0.0,0.0,0.0,0.0,0.0,0.0,0.0,0.0,0.0,0.0,0.0,0.0,0.0,0.0,0.0,0.0,0.0,0.0,0.0,0.0,0.00188314332247557,0.0,0.0,0.0,0.0,0.0,0.0,0.0,0.0,0.0,0.0,0.0,0.0,0.0,0.0,0.0,0.0,0.0,0.0,0.0,0.0,0.0,0.0,0.0,0.0,0.0,0.0,0.0,0.0,0.0,0.0,0.0,0.0,0.0,0.01376492771841609,0.0,0.0,0.0,0.0,0.0,0.0,0.0,0.0,0.0,0.0,0.0,0.0,0.0,0.0,0.0,0.0,0.0,0.0,0.0
Bacteria,Proteobacteria,Gammaproteobacteria,Burkholderiales,Sutterellaceae,Sutterella,,0.0,0.0,0.0,0.0,0.0,0.0,0.0,0.0,0.0,0.0,0.0,0.0,0.0,0.0,0.0,0.0,0.0,0.0,0.0,0.0,0.0,0.0,0.0,0.0,0.0,0.0,0.0,0.0,0.0,0.0,0.0,0.0,0.0,0.0,0.0,0.0,0.0,0.0,0.0,0.0,0.0,0.0,0.0,0.0,0.0,0.0,0.0,0.0,0.0,0.0,0.0,0.0,0.0,0.0,0.0,0.0,0.0,0.0,0.0,0.0,0.0,0.0,0.0,0.0,0.0003954757573360753,0.0,0.0,0.0,0.0,0.0,0.0,0.0,0.0,0.0,0.0,0.0,0.0,0.0,0.0,0.0,0.0,0.0,0.0,0.0,0.0,0.0,0.0,0.0,0.0,0.0,0.0,0.0,0.0,0.0,0.0,0.0,0.0
Bacteria,Proteobacteria,Gammaproteobacteria,Enterobacterales,Enterobacteriaceae,Aquamonas,,0.0,0.0,0.0,0.0,0.0,0.0,0.0,0.0,0.0,0.0,0.0,0.0,0.0,0.0,0.0,0.0,0.0,0.0,0.0,0.0,0.0,0.0,0.0,0.0,0.0,0.0,0.0,0.0,0.0,0.0,0.0,0.0,0.0,0.0,0.0,0.0,0.0,0.0,0.0,0.0,0.0,0.0,0.0,0.0,0.0,0.0,0.0,0.0,0.0,0.0,0.0,0.0,0.0,0.0,0.0,0.0,0.0,0.0,0.0,0.0,0.0,0.0,0.0,0.0,0.0,0.0,0.0,0.0,0.0,0.0,0.0,0.0,0.0,0.0,0.0,0.0,0.0,0.0,0.0,0.0,0.0,0.0,0.0,0.0,0.0,0.0,0.0,0.0,0.0,0.0,0.0,0.000245398773006135,0.0,0.0,0.0,0.0,0.0
Bacteria,Proteobacteria,Gammaproteobacteria,Enterobacterales,Enterobacteriaceae,Buttiauxella,,0.0,0.0,0.0,0.0,0.0,0.0,0.0,0.0,0.0,0.0,0.0,0.0,0.0,0.0,0.0,0.0,0.0,0.0,0.0,0.0,0.0,0.0,0.0,0.0,0.0,0.0,0.0,0.0,0.0,0.0,0.0,0.0,0.0,0.0,0.0,0.0,0.0,0.0,0.0,0.0,0.0,0.0,0.0,0.0,0.0,0.0,0.0,0.0,0.0,0.0,0.0,0.0,0.0,0.0,0.0,0.0,0.0,0.0,0.00014322543683758235,0.0,0.0,0.0,0.0,0.0,0.0,0.0,0.0,0.0,0.0,0.0,0.0,0.0,0.0,0.0,0.0,0.0,0.0,0.0,0.0,0.0,0.0,0.0,0.0,0.0,0.0,0.0,0.0,0.0,0.0,0.0,0.0,0.0,0.0,0.0,0.0,0.0,0.0
Bacteria,Proteobacteria,Gammaproteobacteria,Enterobacterales,Enterobacteriaceae,Escherichia/Shigella,,0.0,0.0,0.0,0.0,0.0,0.0,0.0,0.0,0.0,0.0,0.0,0.0,0.0,0.0,0.0,0.0,0.0,0.0,0.0,0.0,0.0,0.0,0.0,0.0,0.0,0.0,0.0,0.0,0.0,0.0,0.0,0.0,0.0,0.0,0.0,0.0,0.0,0.0,0.0,0.0,0.0,0.0,0.0,0.0,0.0,0.0,0.0,0.0,0.0,0.0,0.0,0.0,0.0,0.0,0.0,0.0,0.0,0.0,0.0,0.0,0.0,0.0,0.0,0.0,0.0,0.0,0.0,0.0,0.0,0.0,0.0,0.0,0.0,0.0,0.0,0.0,0.0,0.0,0.0,0.0,0.0,0.0,0.0,0.0,0.0,0.001596980255516841,0.0,0.0,0.0,0.0,0.0,0.00049079754601227,0.0,0.0,0.0,0.0,0.0
Bacteria,Proteobacteria,Gammaproteobacteria,Enterobacterales,Enterobacteriaceae,Klebsiella,,0.0,0.0,0.0,0.0,0.0,0.0,0.0,0.0,0.0,0.0,0.0,0.0,0.0,0.0,0.0,0.0,0.0,0.0,0.0,0.0,0.0,0.0,0.0,0.0,0.0,0.0,0.0,0.0,0.0,0.0,0.0,0.0,0.0,0.0,0.0,0.0,0.0,0.0,0.0,0.0,0.0,0.0,0.0,0.0,0.0,0.0,0.0,0.0,0.0,0.0,0.0,0.0,0.0,0.0,0.0,0.0,0.0,0.0,0.0017903179604697795,0.0,0.0,0.0,0.0,0.0,0.0,0.0,0.0,0.0,0.0,0.0,0.0,0.0,0.0,0.0,0.0,0.0,0.0,0.0,0.0,0.0,0.0,0.0,0.0,0.0,0.0,0.0,0.0,0.0,0.0,0.0,0.0,0.0,0.0,0.0,0.0,0.0,0.0
Bacteria,Proteobacteria,Gammaproteobacteria,Pasteurellales,Pasteurellaceae,,,0.0,0.0,0.0,0.0,0.0,0.0,0.0,0.0,0.0,0.0,0.0,0.0,0.0,0.0,0.0,0.0,0.0,0.0,0.0,0.0,0.0,0.0,0.0,0.0,0.0,0.0,0.0,0.0,0.0,0.0,0.0,0.0,0.0,0.0,0.0,0.0,0.0,0.0,0.0,0.0,0.0,0.0,0.0,0.0,0.0,0.0,0.0,0.0,0.0,0.0,0.0,0.0,0.0,0.0,0.0,0.0,0.0,0.0,0.0,0.0,0.0,0.0,0.0,0.0,0.0,0.0,0.0,0.0,0.0,0.0,0.0,0.0,0.0,0.0,0.0,0.0,0.0,0.0,0.0,0.0,0.0,0.0,0.0,0.0,0.0,0.0,0.0,0.0,0.0,0.0,0.0001813296408024661,0.0,0.0,0.0,0.0,0.0,0.0
Bacteria,Proteobacteria,Gammaproteobacteria,Pasteurellales,Pasteurellaceae,Haemophilus,,0.0,0.0,0.0,0.0,0.0,0.0,0.0,0.0,0.0,0.0,0.0,0.0,0.0,0.0,0.0,0.0,0.0,0.0,0.0,0.0,0.0,0.0,0.0,0.0,0.0,0.0,0.0,0.0,0.0,0.0,0.0,0.0,0.0,0.0,0.0,0.0,0.0,0.0,0.0,0.0,0.0,0.0,0.0,0.0,0.0,0.0,0.0,0.0,0.0,0.0,0.0,0.0015278838808250573,0.0,0.0,0.0,0.0,0.0,0.0,0.0,0.0,0.0,0.0,0.0,0.0,0.0,0.0,0.0,0.0,0.0,0.0,0.0,0.0,0.0,0.0,0.0,0.0,0.0,0.0,0.0,0.0,0.0,0.0,0.0,0.0,0.0,0.0,0.0,0.0,0.0,0.0,0.003033150355241251,0.0,0.0,0.0,0.0,0.0,0.0
Bacteria,Proteobacteria,Gammaproteobacteria,Pseudomonadales,Moraxellaceae,Acinetobacter,,0.0,0.0001519987840097279,0.0,0.0,0.0,0.0,0.0,0.0,0.0,0.0,0.0,0.0,0.0,0.0,0.0,0.0,0.0,0.0,0.0,0.0,0.0,0.0,0.0,0.0,0.0,0.0,0.0005472455308281649,0.0,0.0,0.0,0.0,0.0,0.0,0.0,0.0,0.0,0.0,0.0,0.0,0.0,0.0,0.0,0.0,0.0,0.0,0.0,0.0,0.0,0.0,0.0,0.0,0.0,0.0,0.0,0.0,0.0,0.0,0.0,0.0,0.0,0.0,0.0,0.0,0.0,0.0,0.0,0.0,0.0,0.0,0.0,0.0,0.0,0.0,0.0,0.0,0.0,0.0,0.0,0.0,0.0,0.0,0.0,0.0,0.0,0.0,0.0,0.0,0.0,0.0,0.0,0.0,0.0,0.0,0.0,0.0,0.0,0.0
Bacteria,Spirochaetota,Spirochaetia,Spirochaetales,Spirochaetaceae,Treponema,,0.0,0.0,0.0,0.0,0.0,0.0,0.0,0.0,0.0,0.0,0.0,0.0,0.0,0.0,0.0,0.0,0.0,0.0,0.0,0.0,0.0,0.0,0.0,0.0,0.0,0.0,0.0,0.0,0.0,0.0,0.0,0.0,0.0002950287653046172,0.0,0.0,0.0,0.0,0.0,0.0,0.0,0.0,0.0,0.0,0.0,0.0,0.0,0.0,0.0,0.0,0.0,0.0,0.0,0.0,0.0,0.0,0.0,0.0,0.0,0.0,0.0,0.0,0.0,0.0,0.0,0.0,0.0,0.0,0.0,0.0,0.0,0.0,0.0,0.0,0.0,0.0,0.0,0.0,0.0,0.0,0.0,0.0,0.0,0.0,0.0,0.0,0.0,0.0,0.0,0.0,0.0,0.0,0.0,0.0,0.0,0.0,0.0,0.0
Bacteria,Verrucomicrobiota,Chlamydiae,Chlamydiales,Chlamydiaceae,,,0.0,0.0,0.0,0.0,0.0,0.0,0.0,0.0,0.0,0.0,0.0,0.0,0.0,0.0,0.0,0.0,0.0,0.0,0.0,0.0,0.0,0.0,0.0,0.0,0.0,0.0,0.0,0.0,0.0,0.0,0.0,0.0,0.0,0.0,0.0,0.0,0.0,0.00016042351808775166,0.0,0.0,0.0,0.0,0.0,0.0,0.0,0.0,0.0,0.0,0.0,0.0,0.0,0.0,0.0,0.0,0.0,0.0,0.0,0.0,0.0,0.0,0.0,0.0,0.0,0.0,0.0,0.0,0.0,0.0,0.0,0.0,0.0,0.0,0.0,0.0,0.0,0.0,0.0,0.0,0.0,0.0,0.0,0.0,0.0,0.0,0.0,0.0,0.0,0.0,0.0,0.0,0.0,0.0,0.0,0.0,0.0,0.0,0.0
Bacteria,Verrucomicrobiota,Chlamydiae,Chlamydiales,Chlamydiaceae,Chlamydia,,0.0,0.0,0.0,0.0,0.0,0.0,0.0,0.0,0.0,0.0,0.0,0.0,0.0,0.0,0.0,0.0,0.0,0.0,0.0,0.0,0.0,0.0,0.0,0.0,0.0,0.0,0.0,0.0,0.0,0.0,0.0,0.0,0.0,0.0,0.0,0.0,0.0,0.000481270554263255,0.0,0.0,0.0,0.0,0.0,0.0,0.0,0.0,0.0,0.0,0.0,0.0,0.0,0.0,0.0,0.0,0.0,0.0,0.0,0.0,0.0,0.0,0.0,0.0,0.0,0.0,0.0,0.0,0.0,0.0,0.0,0.0,0.0,0.0,0.0,0.0,0.0,0.0,0.0,0.0,0.0,0.0,0.0,0.0,0.0,0.0,0.0,0.0,0.0,0.0,0.0,0.0,0.0,0.0,0.0,0.0,0.0,0.0,0.0
Eukaryota,Discoba,Discicristata,Euglenozoa,,,,0.0,0.0,0.0,0.0,0.0,0.0,0.0,0.0,0.00022101889711570338,0.0,0.0,0.0,0.0,0.0,0.0,0.0,0.0,0.0,0.0,0.0,0.0,0.0,0.0,0.0,0.0,0.0,0.0,0.0,0.0,0.0,0.0,0.0,0.0,0.0,0.0,0.0,0.0,0.0,0.0,0.0,0.0,0.0,0.0,0.0,0.0,0.0,0.0,0.0,0.0,0.0,0.0,0.0,0.0,0.0,0.0,0.0,0.0,0.0,0.0,0.0,0.0,0.0,0.0,0.0,0.0,0.0,0.0,0.0,0.0,0.0,0.0,0.0,0.0,0.0,0.0,0.0,0.0,0.0,0.0,0.0,0.0,0.0,0.0,0.0,0.0,0.0,0.0,0.0,0.0,0.0,0.0,0.0,0.0,0.0,0.0,0.0,0.0
Eukaryota,Excavata,Metamonada,Parabasalia,Trichomonadea,,,0.0,0.0,0.0,0.0,0.0,0.0,0.0,0.0,0.0,0.0,0.0,0.0,0.0,0.0,0.0,0.0,0.0,0.0,0.0,0.0,0.0,0.0,0.0,0.0,0.0,0.0,0.0,0.0,0.0,0.0,0.0002588661661920787,0.0,0.0,0.0,0.0,0.0,0.0,0.0,0.0,0.0,0.0,0.0,0.0,0.0,0.0,0.0,0.0,0.0,0.0,0.0,0.0,0.0,0.0,0.0,0.0,0.0,0.0,0.0,0.0,0.0,0.0,0.0,0.0,0.0,0.0,0.0,0.0,0.0,0.0,0.0,0.0,0.0,0.0,0.0,0.0,0.0,0.0,0.0,0.0,0.0,0.0,0.0,0.0,0.0,0.0,0.0,0.0,0.0,0.0,0.0,0.0,0.0,0.0,0.0,0.0,0.0,0.0
Eukaryota,Excavata,Metamonada,Parabasalia,Trichomonadea,Trichomonas,,0.0,0.0,0.0,0.0,0.0,0.0,0.0,0.0,0.0,0.0,0.0,0.0,0.0,0.0,0.0,0.0,0.0,0.0,0.0,0.0,0.0,0.0,0.0,0.0,0.0,0.0,0.0,0.0,0.0,0.0,0.0024592285788247476,0.0,0.0,0.0,0.0,0.0,0.0,0.0,0.0,0.0,0.0,0.0,0.0,0.0,0.0,0.0,0.0,0.0,0.0,0.0,0.0,0.0,0.0,0.0,0.0,0.0,0.0,0.0,0.0,0.0,0.0,0.0,0.0,0.0,0.013841651506762635,0.0,0.0,0.0,0.0,0.0,0.0,0.0,0.0,0.0,0.0,0.0,0.0,0.0,0.0,0.0,0.0,0.0,0.0,0.0022876221095585506,0.0,0.0,0.0,0.0,0.0,0.0,0.0004780508712065015,0.0,0.0,0.0,0.0,0.0,0.0
